# 粒子の電荷リスト [C]
# 分布: bimodal (mean1=1e-09, std1=2e-10, mean2=-1e-09, std2=2e-10, ratio=0.4)
# 粒子数: 10000

-1.290043e-09
1.132806e-09
-1.021602e-09
-1.074910e-09
7.821233e-10
1.008094e-09
-7.568555e-10
-1.110273e-09
9.962877e-10
-1.362633e-09
-1.142314e-09
9.974170e-10
7.311114e-10
1.268311e-09
1.207997e-09
-1.209857e-09
-1.213377e-09
8.911504e-10
-1.116333e-09
9.977291e-10
-9.621857e-10
-1.191511e-09
-1.208342e-09
1.258568e-09
1.339686e-09
9.253892e-10
8.947981e-10
9.594856e-10
-9.405505e-10
7.075921e-10
-9.857320e-10
-1.043140e-09
5.641454e-10
8.711459e-10
1.083396e-09
-1.006308e-09
-1.283943e-09
1.002309e-09
-9.891193e-10
-1.050967e-09
-1.545100e-09
-1.277356e-09
-1.140204e-09
1.219962e-09
8.466101e-10
-1.233468e-09
-8.701817e-10
1.046203e-09
9.649991e-10
-1.166970e-09
-1.172329e-09
-1.123966e-09
8.994744e-10
-9.605274e-10
7.630865e-10
1.207852e-09
8.201088e-10
1.009879e-09
1.076946e-09
-8.598966e-10
9.659692e-10
-1.385507e-09
-1.402398e-09
1.152807e-09
-8.657296e-10
-1.316491e-09
-9.552219e-10
5.676194e-10
1.051022e-09
7.448703e-10
8.891824e-10
9.428640e-10
6.537557e-10
-9.472425e-10
-7.595006e-10
-5.014638e-10
-1.153116e-09
9.647124e-10
1.392557e-09
-8.093051e-10
-7.661473e-10
8.631352e-10
-8.478201e-10
-1.343196e-09
6.863350e-10
7.852176e-10
-1.029959e-09
-1.084782e-09
1.237108e-09
-9.951240e-10
-1.192250e-09
1.040575e-09
9.655853e-10
9.027488e-10
-8.975136e-10
-9.675348e-10
9.582598e-10
-8.674902e-10
9.073898e-10
-1.162823e-09
-1.115039e-09
-9.928723e-10
-1.093027e-09
7.949471e-10
-9.929205e-10
-1.007299e-09
-9.691028e-10
-1.324504e-09
-1.266463e-09
1.128881e-09
1.064985e-09
1.120536e-09
-9.294687e-10
-1.078049e-09
6.902875e-10
1.114424e-09
-1.190682e-09
1.047378e-09
-1.295517e-09
-1.068990e-09
-1.566473e-09
-8.606701e-10
-1.165413e-09
8.838043e-10
8.548731e-10
-1.194379e-09
-1.050130e-09
1.117966e-09
-1.322093e-09
-1.172378e-09
5.868847e-10
1.118156e-09
-8.289417e-10
8.943275e-10
9.955842e-10
1.219901e-09
-1.114111e-09
-1.250124e-09
-8.818979e-10
-7.775848e-10
1.137484e-09
-1.084547e-09
-6.071438e-10
8.752115e-10
-8.751773e-10
7.176417e-10
-9.216656e-10
-1.335395e-09
1.075695e-09
9.689272e-10
9.519083e-10
-8.504704e-10
-9.616013e-10
-9.504474e-10
-1.046379e-09
1.166669e-09
-9.515846e-10
-9.496556e-10
1.190308e-09
7.109084e-10
1.067294e-09
-7.670688e-10
-1.263681e-09
-1.244685e-09
-1.046978e-09
-1.248632e-09
1.084279e-09
9.384430e-10
-9.684611e-10
-1.104893e-09
1.033895e-09
9.195321e-10
-8.781583e-10
7.207278e-10
-9.812714e-10
-1.150448e-09
-9.918328e-10
9.911517e-10
8.832385e-10
-1.468745e-09
-1.215980e-09
-1.045086e-09
7.291270e-10
7.776958e-10
1.154233e-09
-9.535170e-10
-5.910086e-10
-8.325408e-10
-1.114331e-09
1.194086e-09
9.544779e-10
-1.002811e-09
-9.790594e-10
-1.177500e-09
-8.604051e-10
-7.413735e-10
-8.837695e-10
-9.169621e-10
4.989643e-10
-1.077631e-09
-8.749574e-10
-8.405490e-10
-9.344705e-10
-9.165906e-10
-1.196027e-09
1.159927e-09
1.039983e-09
-1.103075e-09
1.034480e-09
-6.928020e-10
-9.409870e-10
-8.945105e-10
1.485855e-09
-6.105370e-10
-1.015966e-09
-1.137870e-09
-7.988332e-10
-9.193571e-10
-1.141740e-09
1.124621e-09
1.004554e-09
-9.868225e-10
1.246849e-09
-8.951728e-10
-8.956001e-10
-1.101140e-09
-9.264361e-10
-6.025661e-10
-8.106595e-10
-5.513236e-10
1.244491e-09
-1.124471e-09
-8.509618e-10
9.624180e-10
-7.336251e-10
8.260899e-10
1.067001e-09
1.119660e-09
8.138146e-10
1.144103e-09
9.422638e-10
-9.378503e-10
-1.233904e-09
-6.833114e-10
1.095759e-09
1.014306e-09
-1.006183e-09
-9.947403e-10
-9.375890e-10
-1.188874e-09
-9.249514e-10
-1.035237e-09
-1.309701e-09
-7.793023e-10
-1.065025e-09
9.830003e-10
-8.609367e-10
-1.125329e-09
-1.142442e-09
-1.000106e-09
7.390787e-10
-1.042945e-09
1.002397e-09
-6.924577e-10
-8.052637e-10
-8.806386e-10
8.874647e-10
-1.107774e-09
8.962891e-10
-6.233332e-10
-8.020344e-10
-7.440846e-10
7.466123e-10
-7.479601e-10
-8.587254e-10
7.571125e-10
1.121681e-09
-9.794689e-10
9.496828e-10
-8.361762e-10
-9.501325e-10
8.038554e-10
-7.688287e-10
1.147530e-09
7.177410e-10
-7.270993e-10
-7.331408e-10
-1.061815e-09
-8.975589e-10
9.763478e-10
1.278270e-09
1.194721e-09
-7.113023e-10
-1.070305e-09
-6.282314e-10
-6.914966e-10
1.217267e-09
-9.925673e-10
-8.948919e-10
1.285753e-09
7.371133e-10
-9.838555e-10
1.163017e-09
-1.257447e-09
-1.073006e-09
6.317347e-10
1.181852e-09
7.313603e-10
-1.204081e-09
8.484360e-10
7.820273e-10
-1.035801e-09
-1.190997e-09
-1.075384e-09
-1.081126e-09
9.400068e-10
-8.676061e-10
-7.082448e-10
7.873300e-10
9.778799e-10
9.743214e-10
6.632721e-10
-9.173764e-10
-1.516744e-09
1.018141e-09
-7.854830e-10
9.014207e-10
-9.409439e-10
1.195293e-09
1.027410e-09
-9.755397e-10
-7.606490e-10
-1.002148e-09
1.006194e-09
8.468799e-10
-1.036771e-09
-1.004827e-09
-1.204914e-09
-1.320568e-09
-1.018855e-09
-1.008385e-09
-9.765943e-10
-1.102051e-09
-1.278234e-09
9.292675e-10
-9.376959e-10
-9.310154e-10
-8.106881e-10
1.291310e-09
-9.714807e-10
-9.980449e-10
6.992128e-10
8.816016e-10
1.087414e-09
7.556732e-10
1.091853e-09
-5.867976e-10
7.983065e-10
-8.746183e-10
-1.099518e-09
1.456978e-09
-1.067043e-09
-7.750983e-10
-1.107051e-09
-1.362916e-09
-1.165008e-09
-1.023244e-09
9.988711e-10
-7.105923e-10
7.467454e-10
-1.067979e-09
1.103726e-09
-9.050349e-10
-1.148934e-09
-5.386186e-10
-1.040484e-09
1.078821e-09
1.127265e-09
1.333277e-09
1.322101e-09
-1.063020e-09
1.241752e-09
7.231111e-10
1.040434e-09
5.553040e-10
-1.100592e-09
1.160513e-09
-1.124724e-09
9.797143e-10
-8.636326e-10
7.956924e-10
-8.880118e-10
-1.315941e-09
1.168534e-09
-1.128388e-09
9.148568e-10
-1.366039e-09
1.066019e-09
-9.510090e-10
-1.117589e-09
8.885413e-10
-1.040257e-09
-6.636034e-10
-1.169805e-09
-1.054517e-09
-9.313134e-10
1.183086e-09
-8.521636e-10
-1.267991e-09
-7.963517e-10
-1.048362e-09
-1.031954e-09
-1.192568e-09
-9.832312e-10
-8.063880e-10
-1.099840e-09
-9.388824e-10
1.137170e-09
-1.220520e-09
-1.360086e-09
-1.021143e-09
-8.886438e-10
-1.170268e-09
-1.165554e-09
-6.707191e-10
6.200171e-10
-1.346088e-09
1.024827e-09
8.470521e-10
-9.595932e-10
-9.636653e-10
6.926995e-10
1.074050e-09
-1.111756e-09
1.019454e-09
-1.094373e-09
1.288042e-09
1.407174e-09
-1.306354e-09
8.950143e-10
8.003244e-10
-9.736016e-10
-1.047893e-09
-9.352971e-10
-8.857825e-10
-1.093447e-09
-9.558430e-10
-9.417486e-10
7.402044e-10
-1.241088e-09
1.024025e-09
-1.026713e-09
1.022252e-09
1.355066e-09
-1.109068e-09
-9.981776e-10
-1.120317e-09
-1.411600e-09
7.734770e-10
9.884642e-10
7.864705e-10
1.320465e-09
-8.543023e-10
-1.187862e-09
-1.056000e-09
9.153018e-10
-6.057129e-10
1.183971e-09
1.055956e-09
-7.770465e-10
1.106488e-09
1.036260e-09
1.429808e-09
-1.117116e-09
-9.453321e-10
-1.250127e-09
-9.010345e-10
4.201569e-10
8.353316e-10
-1.099801e-09
-1.264958e-09
-8.925297e-10
1.406636e-09
4.858159e-10
8.709127e-10
6.827578e-10
-1.114724e-09
-1.193681e-09
1.161731e-09
-9.458110e-10
-7.914207e-10
-1.030200e-09
-1.041223e-09
1.173274e-09
-9.632673e-10
7.726187e-10
-1.241088e-09
8.957830e-10
-9.206634e-10
1.160853e-09
-8.893705e-10
6.533095e-10
-9.816665e-10
-6.544291e-10
8.202145e-10
-1.075208e-09
1.063809e-09
-1.123312e-09
-9.931371e-10
1.003409e-09
-8.797495e-10
9.287469e-10
-5.795321e-10
-9.375734e-10
7.152475e-10
-1.173118e-09
-1.073437e-09
1.011242e-09
1.063548e-09
1.216071e-09
5.754613e-10
1.195514e-09
-8.929998e-10
-1.085523e-09
-8.151488e-10
9.207063e-10
1.134275e-09
-1.098636e-09
7.589189e-10
-9.578481e-10
9.292099e-10
-7.993818e-10
9.459809e-10
-1.076506e-09
-1.415212e-09
1.200974e-09
-8.959472e-10
1.011587e-09
-9.044489e-10
8.704844e-10
8.706941e-10
1.032735e-09
1.147074e-09
1.255615e-09
-9.609342e-10
-9.265572e-10
-1.296448e-09
-1.219847e-09
8.349982e-10
-9.877862e-10
1.164328e-09
-1.144601e-09
-1.147110e-09
1.286279e-09
-6.167115e-10
1.180449e-09
-9.191064e-10
-1.033489e-09
1.020125e-09
5.877475e-10
-9.477671e-10
8.828094e-10
-1.062122e-09
-9.488014e-10
1.313179e-09
1.146051e-09
-1.033034e-09
1.245944e-09
1.022886e-09
-8.766527e-10
1.196238e-09
1.100881e-09
-1.104879e-09
8.930562e-10
1.192451e-09
-9.243047e-10
-1.233350e-09
-1.100001e-09
8.288919e-10
9.630748e-10
1.132292e-09
6.533242e-10
1.002328e-09
-1.093200e-09
1.159553e-09
1.092992e-09
-8.701986e-10
-1.091310e-09
8.809594e-10
-1.180534e-09
-6.750338e-10
1.170258e-09
-7.799123e-10
-1.075292e-09
-8.385395e-10
-9.163276e-10
7.144198e-10
-9.057279e-10
-1.057350e-09
-1.185785e-09
-6.868528e-10
9.186030e-10
-8.447920e-10
-1.177688e-09
-1.055030e-09
-1.035341e-09
-8.660096e-10
-1.016556e-09
-1.216407e-09
1.052987e-09
-1.115393e-09
-9.702651e-10
-1.394006e-09
-1.034726e-09
-1.196354e-09
-1.232536e-09
1.286408e-09
-1.192481e-09
-1.069342e-09
-6.913629e-10
-1.026284e-09
-1.071066e-09
9.107267e-10
-8.255036e-10
1.122034e-09
1.050863e-09
7.300903e-10
-1.033142e-09
1.075297e-09
-9.420830e-10
1.023530e-09
-1.175340e-09
1.009469e-09
1.288903e-09
-9.855757e-10
-1.195600e-09
-1.263158e-09
-1.004377e-09
-8.711096e-10
-1.152111e-09
-8.170894e-10
-1.305455e-09
9.938932e-10
-7.917470e-10
-1.105967e-09
-7.981221e-10
-9.247823e-10
-1.038729e-09
-1.077565e-09
8.540455e-10
-6.148651e-10
1.325758e-09
-1.072511e-09
1.258089e-09
-1.127625e-09
-7.492396e-10
-1.027204e-09
-7.023898e-10
-1.033387e-09
-8.547184e-10
-8.975597e-10
-9.810568e-10
-1.208657e-09
-1.124251e-09
1.258884e-09
-7.773074e-10
-1.133712e-09
-1.159941e-09
-5.337943e-10
-1.015641e-09
1.048503e-09
-5.995208e-10
9.493399e-10
-1.235697e-09
-1.384172e-09
-8.598528e-10
-1.407285e-09
1.238934e-09
-8.279409e-10
-1.103247e-09
9.072061e-10
9.636602e-10
9.887711e-10
-8.263075e-10
-8.990094e-10
-9.723682e-10
-6.542880e-10
-1.326979e-09
1.035816e-09
-1.096024e-09
-6.463105e-10
1.064613e-09
-8.593293e-10
-1.176233e-09
-1.172681e-09
8.170539e-10
-9.575298e-10
1.086080e-09
-8.491590e-10
1.107448e-09
9.508037e-10
-1.159267e-09
-7.705411e-10
-8.728882e-10
-1.103636e-09
-1.024385e-09
-1.225845e-09
9.901037e-10
-1.115820e-09
-9.142465e-10
-8.470793e-10
1.159938e-09
-1.039119e-09
-8.787590e-10
-1.349270e-09
-9.876838e-10
-1.246756e-09
-8.114491e-10
-6.941104e-10
-8.723585e-10
8.490776e-10
1.347310e-09
-3.790705e-10
1.086277e-09
8.620170e-10
-1.309586e-09
-1.216038e-09
1.059031e-09
-9.753523e-10
-1.016941e-09
-7.776805e-10
-1.025001e-09
1.024027e-09
-8.493415e-10
1.023968e-09
-1.030101e-09
-8.660177e-10
-1.302704e-09
-1.187136e-09
-1.084242e-09
-1.037801e-09
-1.004793e-09
-6.061765e-10
8.808867e-10
-1.158858e-09
9.108049e-10
-1.391614e-09
1.179542e-09
8.348240e-10
-8.259444e-10
-1.169410e-09
9.020369e-10
-1.103965e-09
8.614939e-10
-9.012689e-10
1.112336e-09
1.023560e-09
-1.011177e-09
1.108113e-09
1.135805e-09
-7.603795e-10
-8.662791e-10
-1.186276e-09
-1.103485e-09
-1.112217e-09
8.424668e-10
-1.256843e-09
9.344046e-10
-1.353251e-09
1.060813e-09
1.039012e-09
-1.319196e-09
8.952963e-10
9.114339e-10
-7.754662e-10
-1.106467e-09
-1.192328e-09
-7.740435e-10
1.105529e-09
-8.043373e-10
1.248318e-09
8.402886e-10
-7.963796e-10
-9.213964e-10
8.038885e-10
9.901206e-10
8.495156e-10
1.529528e-09
-9.632122e-10
-1.013790e-09
-9.942980e-10
1.141305e-09
-1.054000e-09
1.160968e-09
-1.056622e-09
-9.223779e-10
-1.273886e-09
-1.066776e-09
-4.892768e-10
-7.634233e-10
-1.062152e-09
-7.584246e-10
1.143454e-09
1.094378e-09
-6.565415e-10
9.917053e-10
-9.687965e-10
-5.890646e-10
1.071292e-09
-1.183664e-09
-8.576696e-10
4.492011e-10
6.105143e-10
-1.328464e-09
-9.787839e-10
-5.346138e-10
1.275969e-09
1.071725e-09
-1.320933e-09
-1.185967e-09
-8.450495e-10
1.171036e-09
1.186024e-09
8.768912e-10
-9.800417e-10
8.398476e-10
7.692188e-10
1.178559e-09
1.088529e-09
7.314301e-10
-9.853607e-10
-9.984107e-10
-1.375487e-09
1.097736e-09
-9.519401e-10
-1.089133e-09
1.129193e-09
-1.159209e-09
1.225113e-09
-9.546024e-10
8.694735e-10
-1.047416e-09
-1.077854e-09
-1.000521e-09
-9.695441e-10
1.500743e-09
-1.253183e-09
-9.463755e-10
-1.119695e-09
8.820442e-10
1.004085e-09
1.212130e-09
9.219667e-10
1.115120e-09
5.860414e-10
1.020153e-09
-1.341724e-09
1.274585e-09
-1.161633e-09
1.095648e-09
1.060565e-09
-1.358129e-09
-1.192320e-09
-1.020865e-09
7.120973e-10
-8.611163e-10
-6.531323e-10
8.984872e-10
9.532793e-10
-9.942575e-10
7.059536e-10
-1.556523e-09
7.324078e-10
7.588478e-10
-9.895963e-10
-1.185732e-09
-9.778912e-10
9.892992e-10
-7.405178e-10
-8.155924e-10
-8.826358e-10
5.632016e-10
-8.966019e-10
7.400330e-10
-1.154053e-09
7.904057e-10
9.799412e-10
9.148453e-10
9.025811e-10
-7.391622e-10
-9.950031e-10
-1.227128e-09
-8.832150e-10
-7.377036e-10
-1.143858e-09
-9.646054e-10
1.357837e-09
-1.002639e-09
-1.008940e-09
-9.299376e-10
-1.063124e-09
-1.103777e-09
1.475754e-09
-8.769243e-10
9.657110e-10
-9.906679e-10
1.077513e-09
8.337361e-10
1.174875e-09
-8.820018e-10
8.345142e-10
-1.160729e-09
-1.039605e-09
-1.039411e-09
-1.056099e-09
6.190839e-10
8.034374e-10
-1.099126e-09
1.316749e-09
-1.144279e-09
-1.035523e-09
-1.176698e-09
1.035266e-09
-1.188987e-09
1.023133e-09
1.098947e-09
-1.615141e-09
7.849541e-10
-8.422330e-10
-1.094194e-09
9.483648e-10
-8.378685e-10
9.342090e-10
-1.017855e-09
-8.404020e-10
-1.146647e-09
-9.492471e-10
1.342240e-09
-1.158578e-09
-8.268411e-10
7.259965e-10
-6.785283e-10
-1.160033e-09
1.116116e-09
-4.483161e-10
1.247150e-09
1.305119e-09
-9.377253e-10
1.128540e-09
-9.600995e-10
-8.672567e-10
-8.536668e-10
-7.564580e-10
-1.105779e-09
-1.024669e-09
8.276829e-10
1.148565e-09
1.073349e-09
-9.296770e-10
-1.088158e-09
-1.139225e-09
-1.082346e-09
1.057628e-09
-1.052626e-09
1.090096e-09
-7.853173e-10
-1.005510e-09
-1.074519e-09
1.041151e-09
-1.344249e-09
1.057299e-09
-8.583959e-10
8.899350e-10
-1.172388e-09
-1.057103e-09
1.002730e-09
1.341848e-09
-1.261561e-09
1.316028e-09
-1.269182e-09
-1.352973e-09
-1.044673e-09
-1.181179e-09
-1.273629e-09
-7.086303e-10
1.018612e-09
1.259882e-09
1.310302e-09
8.784062e-10
9.807929e-10
-1.068754e-09
-9.071848e-10
-7.538958e-10
-5.912750e-10
1.103980e-09
-1.121580e-09
9.637206e-10
8.218581e-10
1.069730e-09
-1.108896e-09
1.227824e-09
9.527353e-10
-1.569589e-09
1.010269e-09
9.507804e-10
-9.620929e-10
-9.085366e-10
8.437493e-10
-9.408726e-10
8.510700e-10
7.544325e-10
9.197360e-10
-1.130450e-09
1.039132e-09
-5.841181e-10
1.042711e-09
9.980599e-10
-1.089373e-09
8.720024e-10
-9.868901e-10
-6.940670e-10
1.036491e-09
1.201758e-09
1.361940e-09
-8.524568e-10
1.047873e-09
-5.471869e-10
-1.174975e-09
8.820219e-10
9.907413e-10
1.067247e-09
7.678744e-10
-1.314329e-09
-1.045961e-09
-8.266973e-10
8.929882e-10
9.165976e-10
-9.751580e-10
1.039278e-09
-8.669285e-10
-1.102976e-09
-9.358315e-10
-1.088443e-09
-8.923539e-10
-9.685100e-10
1.010662e-09
-9.479193e-10
-1.268236e-09
1.238666e-09
-1.010379e-09
9.440274e-10
-1.105791e-09
1.020619e-09
-1.554468e-09
7.322666e-10
-6.595850e-10
-1.070953e-09
1.312976e-09
-9.697900e-10
-8.758510e-10
1.278654e-09
1.355848e-09
-7.829421e-10
8.276965e-10
8.611491e-10
1.052461e-09
-1.085140e-09
1.019917e-09
-1.115804e-09
-8.353956e-10
-1.194120e-09
-1.353034e-09
-6.717110e-10
-8.913973e-10
-1.228029e-09
-1.037658e-09
1.370770e-09
-1.036685e-09
-7.619842e-10
-1.143679e-09
-9.266035e-10
-1.027372e-09
-1.097961e-09
8.763083e-10
-1.165151e-09
1.213866e-09
-9.348523e-10
-1.307542e-09
1.061237e-09
1.256298e-09
6.840341e-10
1.082681e-09
-1.001808e-09
1.077728e-09
-1.289596e-09
1.033334e-09
8.663072e-10
-1.042931e-09
-1.165775e-09
-8.378951e-10
-1.058977e-09
1.082189e-09
9.669056e-10
1.040241e-09
-5.599090e-10
-1.158088e-09
-1.001915e-09
1.036000e-09
-8.171665e-10
9.335687e-10
-1.259592e-09
-1.207113e-09
-9.244106e-10
-1.059304e-09
-8.988102e-10
-1.046698e-09
9.650376e-10
6.326449e-10
-9.664188e-10
5.857626e-10
1.397953e-09
-7.120023e-10
-9.724298e-10
-1.252076e-09
-1.314748e-09
-7.372661e-10
-1.328662e-09
-9.796719e-10
-8.113206e-10
8.429487e-10
9.030469e-10
-9.290855e-10
-1.202592e-09
-9.383370e-10
-1.262965e-09
-8.469092e-10
1.197852e-09
-7.742960e-10
-6.917069e-10
-1.124437e-09
7.157624e-10
-1.038998e-09
9.307607e-10
-9.894519e-10
-1.026847e-09
7.564822e-10
-6.499829e-10
1.444254e-09
-9.560762e-10
9.711521e-10
1.208177e-09
9.840877e-10
-9.714687e-10
-9.093066e-10
-8.918052e-10
-9.592412e-10
-1.015147e-09
9.781828e-10
1.261205e-09
-1.604691e-09
-9.439768e-10
-9.643655e-10
9.393459e-10
-1.348371e-09
-9.017138e-10
-9.396348e-10
9.455815e-10
6.540077e-10
1.153158e-09
-7.660737e-10
-1.083098e-09
1.004572e-09
1.100359e-09
-9.480905e-10
-1.041560e-09
-1.305648e-09
-9.130547e-10
1.198400e-09
1.205253e-09
1.122532e-09
-1.048631e-09
1.087525e-09
1.024415e-09
-1.316729e-09
-8.567404e-10
1.048370e-09
1.024731e-09
-1.120206e-09
5.750932e-10
1.169703e-09
8.226608e-10
1.053263e-09
-1.153925e-09
1.002625e-09
-7.938020e-10
-1.011955e-09
-1.072102e-09
-7.991616e-10
9.928532e-10
9.717785e-10
1.104005e-09
-1.247535e-09
-9.178123e-10
-7.305765e-10
1.087997e-09
1.128091e-09
8.236832e-10
1.060477e-09
5.644645e-10
1.092811e-09
-9.673305e-10
1.270031e-09
-8.328266e-10
-6.139820e-10
-8.887537e-10
1.128830e-09
6.063225e-10
-7.463941e-10
-1.057236e-09
1.434193e-09
-8.878995e-10
1.120009e-09
-7.200891e-10
-1.105455e-09
-1.138234e-09
-8.945755e-10
-1.188755e-09
-9.819543e-10
8.163322e-10
-1.293242e-09
9.425842e-10
-1.015152e-09
-1.117929e-09
9.202971e-10
1.006297e-09
1.309158e-09
-1.231813e-09
-1.196195e-09
-6.503491e-10
8.845225e-10
-1.357386e-09
1.080916e-09
-6.797809e-10
9.975058e-10
-7.007788e-10
1.049460e-09
8.733553e-10
9.336807e-10
1.140397e-09
1.283824e-09
9.293979e-10
1.177076e-09
8.071365e-10
-1.043452e-09
1.294720e-09
-1.053749e-09
-9.462825e-10
-1.222760e-09
-8.321448e-10
9.719624e-10
-1.043872e-09
-7.188816e-10
-1.035281e-09
-1.234725e-09
1.105088e-09
-1.031627e-09
9.384122e-10
-9.442751e-10
-6.998172e-10
-9.123370e-10
1.133259e-09
1.333668e-09
-1.305910e-09
-8.751199e-10
9.138447e-10
1.018945e-09
-5.751931e-10
-1.024991e-09
1.302957e-09
1.135984e-09
-1.060506e-09
6.676630e-10
-1.036907e-09
-7.614422e-10
-6.867853e-10
1.081777e-09
1.010244e-09
-9.960523e-10
1.229974e-09
-1.058004e-09
-9.994210e-10
-7.727070e-10
-1.005932e-09
-1.233693e-09
9.890116e-10
8.639506e-10
1.296289e-09
1.026743e-09
9.234276e-10
-1.004104e-09
1.144678e-09
-1.037835e-09
1.082049e-09
-8.188425e-10
-8.600271e-10
-9.284811e-10
1.338411e-09
-5.921274e-10
-9.757620e-10
-1.054616e-09
1.171762e-09
-8.616328e-10
8.958622e-10
-1.283313e-09
-7.891575e-10
-9.411934e-10
-1.235536e-09
-1.230799e-09
-6.786270e-10
8.214291e-10
9.997498e-10
1.338324e-09
1.024987e-09
-1.121815e-09
-1.102382e-09
-1.008201e-09
-8.713382e-10
-7.878144e-10
8.505285e-10
-1.153369e-09
-1.402771e-09
-7.425018e-10
-1.065614e-09
-1.212299e-09
9.579502e-10
1.088171e-09
8.448572e-10
-1.051837e-09
1.011240e-09
1.282110e-09
-1.250072e-09
8.865298e-10
1.033789e-09
-1.225844e-09
9.158086e-10
-9.065746e-10
-1.147988e-09
-1.123462e-09
-9.716309e-10
-1.494660e-09
-9.836099e-10
1.237718e-09
9.799716e-10
1.178289e-09
1.108687e-09
-7.616986e-10
-9.519611e-10
-1.373073e-09
1.248689e-09
-1.094111e-09
-8.472149e-10
-6.050380e-10
-9.173190e-10
-9.125902e-10
9.963737e-10
9.478614e-10
-1.151159e-09
1.227426e-09
-1.282597e-09
8.615110e-10
1.155937e-09
-1.008331e-09
-1.131004e-09
1.219124e-09
8.581418e-10
8.587700e-10
1.279233e-09
1.303803e-09
5.548286e-10
-1.069028e-09
1.126401e-09
-1.179249e-09
-1.107377e-09
-1.013651e-09
5.625453e-10
1.183596e-09
1.303294e-09
-1.105320e-09
-1.012405e-09
1.247053e-09
9.730929e-10
-1.029169e-09
-1.055962e-09
-1.404414e-09
9.065996e-10
-1.013495e-09
7.681591e-10
-6.691614e-10
-8.625887e-10
-1.406607e-09
-1.267327e-09
-1.134998e-09
-8.406904e-10
-1.175360e-09
1.278322e-09
1.079476e-09
9.191909e-10
-8.629096e-10
7.655913e-10
-1.108773e-09
-9.014305e-10
-7.055500e-10
-6.991520e-10
1.181427e-09
9.353381e-10
1.216231e-09
-1.046775e-09
-1.016040e-09
-1.159234e-09
9.652169e-10
8.516836e-10
1.134833e-09
-1.285505e-09
9.398219e-10
-8.880061e-10
1.252831e-09
-1.106606e-09
1.002198e-09
-7.603496e-10
-1.202273e-09
-1.250532e-09
-1.088041e-09
-1.212960e-09
1.495036e-09
1.204727e-09
-1.235651e-09
-1.297341e-09
1.176314e-09
7.373901e-10
-1.153677e-09
-1.206907e-09
-1.098001e-09
-1.055736e-09
9.868943e-10
-9.547021e-10
-1.244312e-09
-9.548124e-10
-7.148146e-10
-1.211122e-09
-1.034923e-09
8.070743e-10
9.370723e-10
-1.211535e-09
-9.063986e-10
8.571089e-10
-6.959065e-10
1.001735e-09
-9.694974e-10
1.203970e-09
9.105119e-10
-1.080436e-09
9.321255e-10
-8.008357e-10
-8.508809e-10
-1.308449e-09
-1.159326e-09
-9.042348e-10
-9.775620e-10
1.004207e-09
-1.032394e-09
9.176839e-10
8.374479e-10
-8.964780e-10
-7.778154e-10
8.858068e-10
4.611127e-10
1.010505e-09
-6.701635e-10
-9.749021e-10
-7.561462e-10
-1.194076e-09
-1.307255e-09
-6.617870e-10
-7.717584e-10
9.200295e-10
-1.002797e-09
-9.053265e-10
-6.815037e-10
1.153020e-09
1.005612e-09
1.360483e-09
-1.132833e-09
7.616337e-10
-1.158385e-09
1.289164e-09
-1.231364e-09
9.467093e-10
-8.431406e-10
-8.523870e-10
-8.850284e-10
7.911025e-10
-1.282884e-09
8.282250e-10
9.307203e-10
-1.186887e-09
-7.473269e-10
-8.807440e-10
-9.554707e-10
-7.903279e-10
-1.247643e-09
8.889089e-10
-1.456883e-09
1.203481e-09
8.866540e-10
-1.078913e-09
-8.636538e-10
1.019568e-09
8.827414e-10
1.503278e-09
9.755643e-10
-7.140988e-10
-8.734351e-10
-9.145621e-10
1.337164e-09
1.218697e-09
-1.147175e-09
-1.204542e-09
8.400276e-10
7.400995e-10
4.122600e-10
8.168077e-10
8.626807e-10
1.129752e-09
1.121862e-09
-8.718452e-10
8.442656e-10
-8.992595e-10
-1.062653e-09
1.147683e-09
1.004598e-09
8.635463e-10
1.163826e-09
-1.101967e-09
8.011069e-10
-5.862519e-10
-1.080130e-09
-8.932485e-10
-1.271560e-09
-1.122731e-09
9.752984e-10
9.238082e-10
1.006183e-09
9.887949e-10
-1.131924e-09
-6.405891e-10
7.762213e-10
-7.574843e-10
9.473996e-10
-1.067111e-09
1.401937e-09
6.538350e-10
1.002589e-09
-1.201149e-09
-9.737224e-10
1.540362e-09
-7.977437e-10
-1.004925e-09
-1.229397e-09
-1.068682e-09
-5.988961e-10
-7.969886e-10
9.361377e-10
9.954512e-10
-1.231614e-09
-8.427999e-10
-1.024572e-09
9.751011e-10
-8.780869e-10
-3.794569e-10
-1.243317e-09
-1.209310e-09
-9.556116e-10
-7.110269e-10
8.826157e-10
1.038641e-09
-7.656262e-10
-1.154353e-09
-1.082917e-09
-7.985083e-10
-9.406510e-10
9.081434e-10
-1.244283e-09
1.288240e-09
-1.015219e-09
-1.067497e-09
7.869739e-10
-9.759706e-10
1.196919e-09
-9.859823e-10
8.918874e-10
-1.072234e-09
7.936232e-10
1.158223e-09
-8.323458e-10
-1.404606e-09
1.233764e-09
9.676162e-10
-8.189791e-10
-8.768717e-10
-1.031189e-09
-8.839565e-10
-1.366864e-09
8.128387e-10
-1.310192e-09
1.186068e-09
-1.218544e-09
-1.263170e-09
9.662885e-10
1.059150e-09
7.684506e-10
1.133792e-09
-1.205415e-09
8.990206e-10
8.851787e-10
1.491256e-09
-9.197374e-10
-9.906483e-10
7.943717e-10
1.019205e-09
-1.025678e-09
-1.294602e-09
-8.470835e-10
-8.583611e-10
-1.038259e-09
9.602489e-10
-1.101893e-09
1.396621e-09
1.267907e-09
-8.488088e-10
1.252013e-09
1.059812e-09
9.578503e-10
-8.688065e-10
1.162929e-09
-1.165837e-09
-6.845424e-10
8.375469e-10
9.013440e-10
-1.032609e-09
-1.019832e-09
-1.050639e-09
1.177337e-09
-1.112100e-09
-9.520500e-10
1.232047e-09
-1.060886e-09
-1.133223e-09
-9.658557e-10
-1.126670e-09
1.001913e-09
1.071267e-09
-6.691561e-10
1.292304e-09
-4.931143e-10
8.860840e-10
-8.514042e-10
1.136053e-09
6.966611e-10
9.532593e-10
-1.283332e-09
-1.130806e-09
-7.450669e-10
1.423760e-09
-1.022978e-09
-8.307677e-10
-7.552056e-10
1.024944e-09
1.247479e-09
-1.115552e-09
-1.062677e-09
1.250956e-09
-1.099309e-09
-7.456190e-10
6.619633e-10
-9.380090e-10
-1.065417e-09
-1.054209e-09
-8.513170e-10
8.604293e-10
-1.139413e-09
8.300816e-10
-1.040042e-09
-6.554758e-10
-8.462878e-10
-1.244317e-09
-9.751452e-10
1.316052e-09
-1.048592e-09
-7.739146e-10
1.198375e-09
1.042642e-09
-1.140394e-09
-9.058023e-10
-1.025763e-09
1.436741e-09
9.054735e-10
8.059951e-10
1.193893e-09
-7.278801e-10
-8.728559e-10
1.155873e-09
-8.293752e-10
8.777340e-10
-1.285975e-09
1.042251e-09
9.540453e-10
-9.037538e-10
9.277611e-10
1.383515e-09
-1.132520e-09
-9.263663e-10
1.247920e-09
7.564497e-10
1.377410e-09
9.849154e-10
1.013034e-09
-1.241130e-09
-1.197336e-09
-5.332607e-10
-9.959420e-10
-1.009503e-09
8.895202e-10
-1.061888e-09
-9.964296e-10
9.688929e-10
1.172417e-09
-8.559324e-10
-1.099334e-09
1.082850e-09
-9.240726e-10
8.142253e-10
8.442446e-10
-9.839652e-10
-1.119017e-09
-1.009985e-09
1.062870e-09
-1.203467e-09
-8.141043e-10
6.743709e-10
-9.810786e-10
-1.064703e-09
9.778468e-10
1.065990e-09
6.709141e-10
-9.544891e-10
-8.851611e-10
-6.733240e-10
-1.175601e-09
9.114710e-10
-1.011904e-09
-9.270501e-10
1.290210e-09
-9.230439e-10
1.300989e-09
-7.025450e-10
1.024428e-09
9.257729e-10
-9.505727e-10
-1.058332e-09
9.243940e-10
8.952888e-10
4.125574e-10
1.405918e-09
-8.379023e-10
9.935708e-10
1.068469e-09
8.813597e-10
-1.288438e-09
-9.539549e-10
-8.060319e-10
-1.026334e-09
8.751852e-10
-7.717404e-10
-8.287226e-10
-1.056007e-09
-7.152118e-10
-1.083358e-09
1.068392e-09
1.147464e-09
-1.204023e-09
-9.995998e-10
1.070028e-09
-1.122056e-09
-9.083038e-10
7.607666e-10
-1.201911e-09
-9.229474e-10
7.428818e-10
9.430976e-10
6.867916e-10
-9.882752e-10
-8.934246e-10
-9.775721e-10
-1.097113e-09
-1.274533e-09
8.509351e-10
-6.815994e-10
1.398051e-09
-1.090525e-09
-9.545668e-10
-1.068373e-09
-8.107395e-10
-9.050463e-10
-1.104981e-09
1.131272e-09
-9.448138e-10
-9.662924e-10
1.184844e-09
8.791475e-10
-1.149830e-09
-8.846124e-10
9.516222e-10
-1.282033e-09
8.508778e-10
-8.188392e-10
-1.105622e-09
-9.266732e-10
-9.683849e-10
1.093518e-09
1.152202e-09
1.033392e-09
-1.506671e-09
-1.005163e-09
-4.585903e-10
1.250283e-09
8.039429e-10
-1.027629e-09
-1.008299e-09
1.026988e-09
-1.329048e-09
-7.647736e-10
1.128699e-09
-9.809413e-10
1.241978e-09
-7.046501e-10
-1.130691e-09
-1.129515e-09
9.341256e-10
-1.282496e-09
-7.653042e-10
1.024740e-09
-8.684036e-10
-1.060013e-09
9.759739e-10
-1.162277e-09
1.087625e-09
9.195599e-10
-5.884779e-10
-7.006947e-10
7.856983e-10
-1.148146e-09
1.175283e-09
-1.092551e-09
-1.008866e-09
1.176891e-09
-1.067538e-09
-8.941491e-10
1.053341e-09
8.105412e-10
8.578469e-10
-6.641072e-10
8.544079e-10
9.420540e-10
-1.155683e-09
1.036864e-09
1.030027e-09
9.408472e-10
8.987324e-10
-8.970838e-10
-1.072532e-09
-8.433915e-10
-1.112949e-09
-8.284576e-10
1.038137e-09
1.027068e-09
-5.050979e-10
1.141853e-09
6.702083e-10
-1.096360e-09
8.212943e-10
9.414474e-10
9.996416e-10
8.682862e-10
8.650905e-10
-1.023821e-09
-8.473570e-10
-1.051919e-09
-1.158488e-09
1.383219e-09
-1.059038e-09
-7.792179e-10
-1.271528e-09
-9.537476e-10
1.217606e-09
-9.689540e-10
-9.428691e-10
1.092074e-09
9.454991e-10
-7.520382e-10
-4.808893e-10
8.505358e-10
1.012465e-09
-9.280451e-10
-6.336549e-10
1.032986e-09
9.882385e-10
-1.150939e-09
-1.118593e-09
-1.062857e-09
-1.288479e-09
1.167367e-09
-9.692223e-10
8.798980e-10
-7.733712e-10
-9.891391e-10
9.231031e-10
1.147535e-09
-8.527753e-10
9.921322e-10
7.877831e-10
-1.195025e-09
-1.171707e-09
9.638802e-10
1.082886e-09
7.125708e-10
1.359518e-09
1.234235e-09
1.376826e-09
1.151211e-09
6.840201e-10
1.146241e-09
-1.414474e-09
1.269485e-09
-1.267519e-09
-1.192825e-09
-1.071767e-09
1.258367e-09
-1.038287e-09
-1.240597e-09
1.273474e-09
-1.480856e-09
-1.145550e-09
-1.228569e-09
-1.205559e-09
-9.223885e-10
9.606322e-10
7.322370e-10
1.306001e-09
-1.019094e-09
-1.185430e-09
9.465693e-10
-1.120138e-09
8.619424e-10
-1.304978e-09
1.165083e-09
-9.066853e-10
-9.616960e-10
-8.999515e-10
9.953711e-10
1.340874e-09
-1.165867e-09
-1.257737e-09
-6.904506e-10
1.154815e-09
1.158006e-09
1.211870e-09
-9.272414e-10
-1.159411e-09
-7.983383e-10
-1.157503e-09
-1.137526e-09
-9.888471e-10
9.892055e-10
-1.122172e-09
1.205875e-09
-9.276564e-10
-1.145831e-09
-1.205783e-09
-7.745118e-10
-8.166375e-10
-1.282226e-09
-9.022845e-10
1.296348e-09
8.876515e-10
-7.726111e-10
-8.755505e-10
1.147222e-09
-1.066383e-09
8.652792e-10
-7.130439e-10
1.180411e-09
4.950323e-10
-8.332016e-10
-1.014090e-09
-9.112336e-10
1.308429e-09
1.176205e-09
1.358758e-09
-1.244066e-09
-1.110360e-09
7.807437e-10
-1.020940e-09
-9.355493e-10
-1.250174e-09
-1.169579e-09
-4.945689e-10
-1.201784e-09
1.137154e-09
1.027717e-09
-1.044343e-09
1.337587e-09
7.737944e-10
1.165907e-09
9.878898e-10
-1.001568e-09
-1.059762e-09
-1.002566e-09
1.242392e-09
-1.043617e-09
-1.050315e-09
-1.395745e-09
1.163055e-09
1.228054e-09
-1.084770e-09
1.184701e-09
-1.115531e-09
1.160851e-09
-1.240777e-09
-9.477886e-10
9.860888e-10
-1.161781e-09
1.087488e-09
-7.165313e-10
-7.616367e-10
-1.106144e-09
1.095673e-09
-1.033985e-09
7.733404e-10
1.222110e-09
-1.101614e-09
1.182517e-09
9.238960e-10
-1.027424e-09
-1.002155e-09
1.000951e-09
-8.498262e-10
1.057966e-09
-1.133052e-09
-9.300072e-10
8.787738e-10
-7.622267e-10
1.121186e-09
-6.245222e-10
8.571715e-10
1.136110e-09
1.112226e-09
-8.514676e-10
-1.040498e-09
-1.099808e-09
9.992663e-10
-1.010008e-09
-1.036196e-09
-1.363756e-09
1.132218e-09
-1.013770e-09
1.016396e-09
-1.175889e-09
-1.217083e-09
8.395580e-10
-1.041370e-09
-1.018598e-09
7.006385e-10
-9.983078e-10
9.999814e-10
1.023073e-09
1.543181e-09
-1.234897e-09
9.225877e-10
9.198712e-10
-9.718072e-10
-1.250047e-09
9.311460e-10
-9.915760e-10
-1.108364e-09
-9.801639e-10
-1.323944e-09
1.118589e-09
6.869696e-10
1.593512e-09
-9.163772e-10
1.325987e-09
-9.379752e-10
1.066257e-09
-1.206584e-09
1.023743e-09
-1.272938e-09
-1.091095e-09
1.100021e-09
-8.497339e-10
7.647995e-10
1.029142e-09
-1.122762e-09
8.629552e-10
-8.371984e-10
-1.337093e-09
9.537352e-10
-8.542591e-10
-9.249428e-10
-6.859935e-10
-8.774079e-10
1.322708e-09
1.047478e-09
7.623650e-10
9.518642e-10
1.199456e-09
1.058781e-09
-8.531688e-10
-7.868066e-10
-1.148629e-09
-8.598953e-10
1.046398e-09
-1.127776e-09
-9.381173e-10
-9.415120e-10
-1.142072e-09
-1.025419e-09
-6.526027e-10
-1.037792e-09
-8.571072e-10
9.381855e-10
5.820339e-10
9.165260e-10
-9.895955e-10
-8.610550e-10
9.355563e-10
1.094424e-09
-8.127764e-10
9.892029e-10
-8.089626e-10
-1.073481e-09
1.192074e-09
-9.901367e-10
1.022217e-09
-1.184056e-09
1.033038e-09
-7.204329e-10
1.040128e-09
9.495560e-10
-1.369448e-09
-1.147827e-09
-1.005694e-09
-8.609267e-10
7.883318e-10
-7.742891e-10
-1.095570e-09
8.878667e-10
1.348222e-09
-1.081206e-09
1.008093e-09
7.667414e-10
1.236961e-09
-8.250429e-10
-6.509310e-10
-9.140261e-10
1.061301e-09
7.834776e-10
-6.328153e-10
1.330287e-09
-1.104400e-09
9.101998e-10
-8.947940e-10
-1.049100e-09
9.825027e-10
-8.605455e-10
-1.344409e-09
1.130328e-09
-8.349861e-10
-9.396129e-10
-1.170278e-09
-1.107263e-09
8.828357e-10
9.942228e-10
-8.989532e-10
7.280451e-10
1.267804e-09
-1.135517e-09
-7.431844e-10
1.073749e-09
6.619272e-10
-8.232979e-10
-1.026190e-09
-1.305163e-09
1.183499e-09
-9.816998e-10
1.107192e-09
9.765335e-10
1.151143e-09
7.879762e-10
1.182210e-09
-1.056672e-09
-8.271658e-10
1.201205e-09
-1.121109e-09
-8.208103e-10
-1.004524e-09
9.845378e-10
-1.211867e-09
-9.333479e-10
-8.871818e-10
-1.040588e-09
1.082895e-09
-1.090590e-09
-7.834755e-10
-1.213676e-09
-1.054228e-09
1.091154e-09
7.928370e-10
1.176359e-09
-8.421174e-10
1.006426e-09
-1.243260e-09
-8.779029e-10
-1.067334e-09
8.673332e-10
-8.429992e-10
-4.268895e-10
-7.011544e-10
-8.681782e-10
9.081379e-10
-4.124642e-10
-1.335049e-09
9.525085e-10
-1.230124e-09
9.644982e-10
-9.901523e-10
-6.824575e-10
-1.062080e-09
-8.935455e-10
-6.644273e-10
9.518237e-10
-9.805175e-10
7.031335e-10
1.210314e-09
1.223584e-09
1.066088e-09
-1.194299e-09
-1.160020e-09
-1.101066e-09
1.175499e-09
-1.128410e-09
-1.386783e-09
1.036246e-09
9.242744e-10
1.221871e-09
9.804975e-10
9.300780e-10
1.163801e-09
-8.640532e-10
-6.544761e-10
1.069258e-09
1.095088e-09
1.064739e-09
-5.931509e-10
9.691360e-10
-1.275152e-09
-9.504528e-10
-7.747970e-10
9.525260e-10
1.151004e-09
-1.121504e-09
-9.307436e-10
-1.063017e-09
1.308516e-09
-1.059189e-09
8.581001e-10
-7.790182e-10
-8.388293e-10
-4.176318e-10
-1.347522e-09
1.328029e-09
9.034648e-10
-9.479796e-10
-1.016553e-09
-7.721999e-10
-1.286397e-09
-6.793641e-10
6.366283e-10
-1.305718e-09
-7.260118e-10
-8.427987e-10
1.200164e-09
1.044191e-09
9.049395e-10
7.177319e-10
-8.139033e-10
-1.159196e-09
1.158768e-09
-1.323506e-09
9.560572e-10
8.694566e-10
-8.441775e-10
-8.038390e-10
-8.211126e-10
1.136404e-09
1.162454e-09
-5.612052e-10
-1.169542e-09
-1.048960e-09
1.383063e-09
-6.182732e-10
9.612339e-10
1.029547e-09
7.714196e-10
-1.234198e-09
-1.152129e-09
-7.597332e-10
1.188481e-09
9.162482e-10
-1.182127e-09
6.896530e-10
8.864409e-10
9.338974e-10
-1.028989e-09
-1.188391e-09
-1.262956e-09
-9.165325e-10
-9.143725e-10
-6.586345e-10
-9.283379e-10
8.804396e-10
8.426115e-10
8.249139e-10
-8.385937e-10
-7.882508e-10
8.293376e-10
8.167035e-10
-1.090319e-09
-1.102498e-09
-1.022304e-09
7.084302e-10
1.210167e-09
-6.734066e-10
-9.454269e-10
1.221519e-09
1.329638e-09
-1.189370e-09
-7.233399e-10
-7.648901e-10
-9.372908e-10
8.509278e-10
-1.243590e-09
9.756612e-10
9.742900e-10
-7.496042e-10
-1.063967e-09
-8.641391e-10
6.253368e-10
1.072414e-09
5.501506e-10
-9.861032e-10
9.602184e-10
-9.440566e-10
-1.041407e-09
-8.355603e-10
-7.045122e-10
-9.968219e-10
-8.594207e-10
-7.613133e-10
1.192729e-09
-1.216902e-09
1.057641e-09
9.602190e-10
-9.913245e-10
8.927274e-10
-9.058983e-10
1.012762e-09
-9.243214e-10
1.040386e-09
-8.124636e-10
-8.692309e-10
-8.940834e-10
-1.029001e-09
-4.306473e-10
-9.497554e-10
-1.114909e-09
1.125827e-09
-1.358553e-09
1.388034e-09
8.715885e-10
-8.076550e-10
7.851336e-10
9.374985e-10
9.575131e-10
9.192267e-10
7.749227e-10
-8.560347e-10
1.260277e-09
-1.031936e-09
-9.636957e-10
1.462503e-09
1.199904e-09
-9.785206e-10
-1.053350e-09
8.092323e-10
1.002388e-09
-1.051298e-09
-1.341189e-09
9.199634e-10
-1.116100e-09
1.006287e-09
-1.054766e-09
1.151847e-09
9.817928e-10
9.073155e-10
9.075599e-10
-9.621036e-10
1.027232e-09
1.113586e-09
1.035550e-09
1.100948e-09
-1.269707e-09
1.274702e-09
1.512965e-09
-1.018523e-09
1.260718e-09
7.694519e-10
-1.015971e-09
-9.937938e-10
5.749392e-10
1.040347e-09
7.725803e-10
-1.212773e-09
9.403255e-10
6.889537e-10
9.857767e-10
-8.280822e-10
-7.946253e-10
-6.634756e-10
-8.906134e-10
-7.005105e-10
1.029121e-09
-1.044476e-09
-9.420978e-10
-7.412742e-10
-8.696671e-10
-9.071428e-10
1.289860e-09
-1.008308e-09
-8.632085e-10
-1.223319e-09
9.749566e-10
1.078868e-09
-1.137474e-09
1.418606e-09
1.214507e-09
-9.911136e-10
-1.047121e-09
-8.976001e-10
-7.316244e-10
-9.029061e-10
-1.067392e-09
-1.029547e-09
-1.191640e-09
-7.533992e-10
-8.406581e-10
-9.749325e-10
-8.096015e-10
-8.334980e-10
9.457916e-10
-8.682471e-10
-9.485331e-10
8.993461e-10
8.951945e-10
8.937277e-10
-7.308435e-10
9.754205e-10
-7.939362e-10
-9.808984e-10
-8.510529e-10
1.232816e-09
-7.826637e-10
-1.074910e-09
-9.773409e-10
-9.859153e-10
-1.081481e-09
1.237870e-09
-7.291323e-10
-1.153063e-09
-1.016118e-09
-1.210130e-09
7.427455e-10
1.089117e-09
-1.194722e-09
1.056091e-09
7.358378e-10
-1.085476e-09
-1.241754e-09
-9.296063e-10
-8.389778e-10
-1.011710e-09
1.235458e-09
-8.950542e-10
9.915424e-10
8.760008e-10
-1.156670e-09
-1.025087e-09
1.081179e-09
-1.077854e-09
-9.648600e-10
-1.056928e-09
-1.147386e-09
-9.265651e-10
-1.238195e-09
-1.344525e-09
7.884250e-10
-1.051734e-09
1.123786e-09
1.318458e-09
8.533627e-10
9.102609e-10
-1.139096e-09
-7.638665e-10
1.248484e-09
1.063826e-09
8.868902e-10
-7.009668e-10
1.211420e-09
-1.146596e-09
-1.174287e-09
6.718446e-10
-8.405434e-10
1.140636e-09
7.221487e-10
-4.609375e-10
9.773996e-10
8.672864e-10
-1.283352e-09
-1.005442e-09
-1.190975e-09
-1.131314e-09
1.100228e-09
-9.386523e-10
1.040686e-09
-9.350124e-10
7.085546e-10
9.409047e-10
-1.175705e-09
-9.364303e-10
8.870036e-10
9.165475e-10
-9.837305e-10
-9.414103e-10
1.025305e-09
-1.001900e-09
-1.063027e-09
7.763876e-10
-1.582339e-09
-9.937929e-10
7.813580e-10
1.247770e-09
-1.095527e-09
-9.512968e-10
9.813090e-10
-1.179931e-09
-8.967831e-10
-1.337240e-09
-5.355545e-10
1.332597e-09
8.689894e-10
1.194160e-09
8.134254e-10
1.068369e-09
-1.251771e-09
-6.940990e-10
1.177829e-09
-8.366971e-10
5.676561e-10
-7.724579e-10
-1.213097e-09
-1.252839e-09
9.894282e-10
-6.531708e-10
-1.043551e-09
-7.330875e-10
-9.461631e-10
1.033355e-09
-1.099322e-09
1.511040e-09
1.254731e-09
-7.597988e-10
-9.809174e-10
7.936004e-10
-1.072084e-09
1.087565e-09
-8.113547e-10
-1.294494e-09
1.406907e-09
1.048245e-09
-9.789301e-10
1.254691e-09
-1.016632e-09
-1.074968e-09
1.209340e-09
-1.303883e-09
-8.479763e-10
7.304911e-10
-1.234446e-09
-9.043394e-10
1.008225e-09
-7.794315e-10
8.017864e-10
-9.565975e-10
-7.128363e-10
1.301495e-09
-1.063450e-09
-9.746539e-10
9.589210e-10
-9.248359e-10
-1.201917e-09
-1.156883e-09
-1.042087e-09
-1.199305e-09
1.064170e-09
-1.078709e-09
9.180345e-10
-8.438556e-10
1.081790e-09
1.404416e-09
-7.615605e-10
9.498466e-10
-7.326128e-10
-1.004076e-09
1.238395e-09
1.302618e-09
-9.211320e-10
1.100156e-09
-7.590133e-10
-1.284605e-09
1.128961e-09
-8.302472e-10
8.365884e-10
1.171779e-09
6.438531e-10
-8.057569e-10
7.615785e-10
-1.369151e-09
-7.781993e-10
-6.927445e-10
-9.526736e-10
-6.168596e-10
-8.910734e-10
1.065746e-09
-9.043990e-10
6.130837e-10
9.026351e-10
-8.736468e-10
-1.273868e-09
8.811915e-10
1.046200e-09
1.161373e-09
-1.106742e-09
1.005371e-09
-1.078507e-09
-8.083338e-10
-9.973665e-10
-1.054083e-09
1.465839e-09
1.298537e-09
-1.343304e-09
-1.137694e-09
-9.592883e-10
9.848747e-10
-1.044584e-09
-1.106385e-09
-1.088058e-09
1.111796e-09
-5.502294e-10
-8.653018e-10
1.141499e-09
-9.874298e-10
6.958176e-10
-1.103668e-09
-7.858443e-10
-1.198254e-09
-7.064081e-10
-8.871792e-10
9.695581e-10
-9.547128e-10
-9.113050e-10
-1.084303e-09
1.214388e-09
1.006835e-09
9.227152e-10
-8.866381e-10
8.339806e-10
-1.182022e-09
-1.070615e-09
-1.149484e-09
-1.247330e-09
-8.519720e-10
-1.043713e-09
-8.411759e-10
9.494827e-10
-9.313693e-10
-9.501460e-10
1.121654e-09
1.141322e-09
1.286936e-09
1.379547e-09
-6.692139e-10
-8.619667e-10
-1.083427e-09
9.537948e-10
-5.638273e-10
-8.960610e-10
-1.039262e-09
-1.029267e-09
6.019435e-10
1.003449e-09
8.915706e-10
1.077106e-09
-1.325956e-09
1.050726e-09
-7.846476e-10
-9.430054e-10
9.725630e-10
9.300269e-10
-1.215869e-09
-7.530632e-10
-9.358785e-10
-6.070386e-10
1.029090e-09
1.354551e-09
-7.111515e-10
-7.385750e-10
-6.039834e-10
-1.102039e-09
-7.325473e-10
-9.938694e-10
1.117201e-09
8.995772e-10
7.133280e-10
-7.523733e-10
-1.228125e-09
1.301930e-09
7.060826e-10
-1.060907e-09
-1.086879e-09
-1.126890e-09
-1.037489e-09
-7.621654e-10
-9.234602e-10
7.122194e-10
-1.148497e-09
9.499115e-10
-6.613424e-10
-1.300865e-09
7.848254e-10
-7.155861e-10
8.294428e-10
-9.656568e-10
-9.633983e-10
-8.112856e-10
-1.269898e-09
-1.126362e-09
1.183982e-09
-9.710591e-10
1.187907e-09
1.189586e-09
-9.760808e-10
6.031761e-10
1.356675e-09
-1.002875e-09
-5.821743e-10
8.574208e-10
-9.775011e-10
-9.652576e-10
6.685337e-10
-1.167979e-09
-8.491602e-10
1.064292e-09
-6.517496e-10
-1.033344e-09
-8.520717e-10
-1.254197e-09
9.434119e-10
1.245705e-09
1.465949e-09
-1.176465e-09
-1.339158e-09
-1.084170e-09
-8.585248e-10
1.309071e-09
-9.117587e-10
-6.135212e-10
-1.233008e-09
1.167532e-09
7.001174e-10
1.157631e-09
-1.343487e-09
-8.550870e-10
-1.360086e-09
-9.208211e-10
-6.608713e-10
5.985579e-10
-1.053281e-09
-9.417001e-10
-1.146514e-09
7.581593e-10
7.790121e-10
-1.222086e-09
-1.034541e-09
-8.292706e-10
-1.244051e-09
-1.190297e-09
1.085108e-09
-8.286309e-10
1.267013e-09
-7.881117e-10
-9.745171e-10
7.937171e-10
-7.883924e-10
1.031028e-09
1.031068e-09
1.112402e-09
7.383052e-10
-7.537974e-10
-1.260067e-09
1.130384e-09
7.854653e-10
8.186084e-10
8.827122e-10
8.991574e-10
9.626644e-10
-1.293403e-09
-9.028196e-10
-6.826183e-10
-1.235462e-09
6.191440e-10
6.231922e-10
-1.166122e-09
8.046035e-10
-7.957902e-10
-7.207805e-10
-8.970772e-10
9.683358e-10
1.271117e-09
1.200856e-09
7.369488e-10
-1.009249e-09
-1.303805e-09
1.160824e-09
8.036767e-10
8.599736e-10
-8.986862e-10
1.186464e-09
-1.027647e-09
9.374468e-10
-1.409945e-09
-1.112594e-09
-9.173119e-10
-1.159699e-09
-1.222475e-09
-8.149821e-10
1.184032e-09
-7.252985e-10
-6.333733e-10
-6.827869e-10
-1.225929e-09
6.453209e-10
1.153911e-09
-8.636757e-10
-1.220751e-09
-1.097204e-09
-1.023369e-09
-1.123564e-09
9.480338e-10
1.450649e-09
-1.168530e-09
1.073309e-09
-9.682130e-10
-9.034628e-10
-1.350462e-09
-1.116764e-09
8.530939e-10
1.096544e-09
9.910015e-10
-6.767224e-10
-1.232225e-09
9.423582e-10
1.027683e-09
1.082212e-09
-1.246015e-09
-1.110857e-09
9.775492e-10
-9.538246e-10
1.142652e-09
-7.746278e-10
-7.770851e-10
-1.229774e-09
-1.083908e-09
7.784881e-10
-8.524631e-10
-8.633439e-10
-7.516003e-10
1.106347e-09
-1.165866e-09
1.014157e-09
-1.044034e-09
1.255576e-09
8.779502e-10
-1.148182e-09
-1.033945e-09
6.253965e-10
-1.177736e-09
1.291644e-09
-1.192283e-09
-9.975791e-10
-1.147215e-09
-1.088266e-09
-9.997547e-10
-1.095750e-09
-6.294384e-10
1.353908e-09
-1.212799e-09
-1.159353e-09
1.246470e-09
-9.711681e-10
-7.970194e-10
-7.597312e-10
-1.151149e-09
-1.356929e-09
-6.450328e-10
1.240141e-09
1.144756e-09
1.275570e-09
1.162652e-09
-8.600954e-10
1.154063e-09
-9.205944e-10
-8.870232e-10
-8.957406e-10
8.958026e-10
-1.044021e-09
-7.147574e-10
1.118359e-09
-8.549939e-10
9.705781e-10
-5.755166e-10
1.272875e-09
9.150815e-10
-7.662910e-10
1.122526e-09
-1.033907e-09
8.499553e-10
-8.506421e-10
-6.837292e-10
6.993897e-10
-1.201213e-09
1.202944e-09
9.964714e-10
-9.759758e-10
-1.053907e-09
-8.469429e-10
-3.497149e-10
-1.005406e-09
-7.670388e-10
-1.002839e-09
1.036730e-09
9.421316e-10
1.022859e-09
-1.224718e-09
1.329963e-09
-9.458079e-10
-8.492824e-10
-9.758170e-10
8.947041e-10
-1.152774e-09
6.425491e-10
9.981593e-10
1.060733e-09
-1.470634e-09
-1.358795e-09
-1.081303e-09
1.109042e-09
5.614249e-10
8.493025e-10
8.993768e-10
-9.849800e-10
-1.124356e-09
1.160446e-09
-9.354060e-10
-6.404969e-10
1.068478e-09
-7.717046e-10
1.041602e-09
-1.066476e-09
-1.095247e-09
-1.359283e-09
-6.847657e-10
-9.963372e-10
-9.187886e-10
8.590867e-10
-1.059783e-09
-1.055643e-09
1.421087e-09
1.219896e-09
-8.566793e-10
1.436011e-09
-9.720123e-10
9.046521e-10
-9.251905e-10
4.701444e-10
-1.267756e-09
6.659758e-10
-9.013916e-10
-7.665607e-10
-1.048259e-09
-8.395298e-10
-1.012875e-09
7.910519e-10
-8.663554e-10
-1.332017e-09
6.192838e-10
9.425197e-10
-1.129669e-09
-8.510231e-10
-1.136116e-09
8.712793e-10
-8.743170e-10
9.739824e-10
-8.712163e-10
7.935633e-10
7.871028e-10
1.106769e-09
9.758492e-10
1.036878e-09
-6.773802e-10
-1.016449e-09
-9.185632e-10
9.562836e-10
1.196707e-09
9.653461e-10
-1.203118e-09
9.236583e-10
-1.390163e-09
-1.198629e-09
7.641763e-10
-1.099862e-09
-9.073348e-10
-1.065547e-09
8.509983e-10
1.235869e-09
7.502129e-10
-8.129438e-10
-1.051918e-09
-1.067631e-09
-9.502487e-10
-7.564537e-10
-8.194931e-10
6.418720e-10
-8.517043e-10
-1.131816e-09
-1.097509e-09
-9.054006e-10
-7.728857e-10
1.267047e-09
9.285172e-10
9.435980e-10
-7.520148e-10
1.206283e-09
6.985254e-10
6.872285e-10
8.403404e-10
1.095357e-09
-9.219635e-10
-1.267440e-09
-1.223993e-09
-9.773602e-10
-8.009226e-10
6.831960e-10
-1.103394e-09
-8.639484e-10
-2.242683e-10
-8.964994e-10
9.322324e-10
-5.058969e-10
-9.305961e-10
-8.369825e-10
-5.911044e-10
-9.829513e-10
7.592054e-10
-9.334167e-10
-1.167633e-09
9.150876e-10
-7.646407e-10
-1.052868e-09
-1.412252e-09
-7.682207e-10
1.050308e-09
1.056661e-09
-6.575449e-10
-8.619158e-10
1.006579e-09
1.499955e-09
-1.095077e-09
-1.190437e-09
-8.721170e-10
-9.070135e-10
1.222022e-09
-1.209295e-09
-7.989725e-10
-8.382466e-10
5.253960e-10
8.276322e-10
-9.741824e-10
-9.132656e-10
-8.042968e-10
-8.853393e-10
-9.939492e-10
-1.086080e-09
1.030672e-09
9.344233e-10
1.151970e-09
6.975928e-10
1.147956e-09
9.754024e-10
1.049735e-09
6.854782e-10
-1.020651e-09
1.132186e-09
-1.175189e-09
-1.029892e-09
1.499997e-09
-6.980206e-10
-8.249526e-10
1.141008e-09
-8.561384e-10
9.184511e-10
-1.319597e-09
8.558757e-10
6.726359e-10
-9.696491e-10
9.663468e-10
-1.214477e-09
-1.003376e-09
-1.025154e-09
-8.855548e-10
-1.290416e-09
1.250951e-09
-1.144741e-09
-1.184752e-09
-1.095635e-09
1.359596e-09
-7.707480e-10
-1.026090e-09
1.207452e-09
-9.894963e-10
-7.880793e-10
-1.009993e-09
-1.051079e-09
-1.010549e-09
1.123171e-09
-9.403681e-10
-1.163054e-09
7.558851e-10
9.945407e-10
1.032182e-09
-9.199785e-10
-1.317273e-09
-8.581652e-10
1.125333e-09
-1.134113e-09
1.132380e-09
1.181307e-09
-8.569295e-10
-8.906624e-10
1.056167e-09
-7.727998e-10
1.077541e-09
-1.068985e-09
-8.379331e-10
-1.071931e-09
8.060469e-10
1.339999e-09
-9.278338e-10
8.551896e-10
9.568188e-10
8.180480e-10
-7.467285e-10
-1.166688e-09
-5.119116e-10
7.719399e-10
-8.590000e-10
1.067625e-09
-1.140157e-09
6.278837e-10
-8.533703e-10
1.063772e-09
9.029907e-10
-7.455999e-10
-9.679629e-10
1.151821e-09
-7.605955e-10
-1.326359e-09
1.042663e-09
-8.133428e-10
-1.328482e-09
-6.859937e-10
8.457193e-10
-1.478042e-09
-1.225113e-09
9.463681e-10
1.355085e-09
-1.000898e-09
1.214548e-09
8.135686e-10
-1.061689e-09
-1.044116e-09
8.244030e-10
-9.723558e-10
1.149452e-09
8.611050e-10
1.041274e-09
-8.277835e-10
-8.121387e-10
-9.171294e-10
-3.972156e-10
7.992595e-10
-1.027453e-09
6.948107e-10
8.660222e-10
-9.672796e-10
-1.265391e-09
1.085763e-09
-1.041746e-09
-1.219352e-09
-1.224454e-09
7.680818e-10
-1.148994e-09
-8.235460e-10
-7.618519e-10
-1.063718e-09
-9.398645e-10
-7.709437e-10
-9.335913e-10
-1.251693e-09
-8.950731e-10
-7.226805e-10
-1.249375e-09
1.076688e-09
-5.391613e-10
8.367550e-10
-7.143179e-10
-9.695262e-10
-1.308776e-09
-1.068118e-09
-9.490550e-10
-9.181212e-10
-5.923396e-10
-9.878119e-10
-7.798059e-10
-6.989184e-10
7.931530e-10
-1.030197e-09
7.573844e-10
9.413850e-10
7.771968e-10
-1.405902e-09
-1.012624e-09
9.199786e-10
-1.051156e-09
-1.076993e-09
-1.048103e-09
-7.021291e-10
-6.981482e-10
8.802631e-10
1.034299e-09
1.027941e-09
4.687184e-10
-9.144655e-10
-5.076833e-10
-8.460230e-10
-8.157877e-10
-1.244312e-09
5.563384e-10
-1.179922e-09
9.973235e-10
-7.417117e-10
9.714608e-10
-1.347753e-09
-8.653225e-10
-7.983983e-10
-1.489152e-09
1.007700e-09
-8.594760e-10
7.211864e-10
9.921837e-10
1.022569e-09
-1.011604e-09
-9.469623e-10
9.250644e-10
-1.030982e-09
1.363028e-09
9.305603e-10
-1.021762e-09
-1.106874e-09
-7.677068e-10
-1.186464e-09
-1.020355e-09
7.845400e-10
-1.139870e-09
-1.230597e-09
-9.179091e-10
-8.162158e-10
-1.141513e-09
1.011800e-09
9.460411e-10
-1.166778e-09
-1.386567e-09
-1.486981e-09
1.090097e-09
-1.009566e-09
-1.159875e-09
-1.023741e-09
-1.321474e-09
-8.843677e-10
-1.090538e-09
9.551485e-10
-9.090213e-10
-9.282224e-10
-1.339610e-09
1.121663e-09
1.096285e-09
-1.273919e-09
-1.036667e-09
-9.683257e-10
-9.255124e-10
-9.720518e-10
-6.457618e-10
1.002296e-09
1.151084e-09
-1.293136e-09
-1.151516e-09
-7.556213e-10
1.118997e-09
9.821197e-10
1.195528e-09
-1.294616e-09
-1.037877e-09
-1.062963e-09
-8.951373e-10
-8.138625e-10
6.312792e-10
-1.212186e-09
-1.031542e-09
1.107786e-09
-1.545494e-09
9.022802e-10
-6.851304e-10
-8.240296e-10
1.117133e-09
-7.870509e-10
-1.552163e-09
-1.232383e-09
1.215515e-09
1.131720e-09
7.545837e-10
1.094811e-09
6.382358e-10
-8.897734e-10
1.132102e-09
-8.269355e-10
9.511127e-10
1.148114e-09
-6.032724e-10
-9.034024e-10
-1.054979e-09
-9.031533e-10
1.374542e-09
1.296514e-09
-1.256602e-09
-5.024805e-10
-9.303193e-10
1.044348e-09
-7.499727e-10
-9.229456e-10
-6.966631e-10
1.063179e-09
-1.091907e-09
1.478155e-09
1.122597e-09
-1.059609e-09
8.817655e-10
1.337796e-09
-1.298778e-09
6.750893e-10
9.273781e-10
1.111685e-09
1.153784e-09
1.078329e-09
9.211597e-10
-9.917503e-10
1.270822e-09
-9.401440e-10
1.214965e-09
-1.035929e-09
-1.093294e-09
-7.800474e-10
9.632933e-10
8.530590e-10
-1.396046e-09
-1.032929e-09
1.005463e-09
-9.857503e-10
-8.680622e-10
-1.027322e-09
-9.623162e-10
9.242674e-10
-1.265397e-09
-9.532404e-10
-8.442123e-10
-1.162047e-09
-1.708640e-09
9.666217e-10
-8.895321e-10
9.279253e-10
-8.810798e-10
-1.025440e-09
-9.391528e-10
1.087579e-09
-1.094142e-09
-9.486353e-10
-9.103783e-10
1.045098e-09
-9.506438e-10
1.162944e-09
1.389101e-09
8.597072e-10
5.991978e-10
-1.017571e-09
9.505442e-10
1.319444e-09
-8.785867e-10
9.191130e-10
1.025625e-09
-1.050662e-09
7.392301e-10
-1.058823e-09
-1.046270e-09
-1.107105e-09
-1.247303e-09
-6.812840e-10
-8.318494e-10
-1.284466e-09
8.434621e-10
-6.986971e-10
-1.100602e-09
-1.038568e-09
-1.075740e-09
7.249788e-10
1.030582e-09
-1.014408e-09
8.473988e-10
-1.217383e-09
1.057216e-09
-1.398662e-09
-1.281815e-09
6.979084e-10
1.027814e-09
-8.750081e-10
-1.251264e-09
-8.419989e-10
-1.189809e-09
8.614158e-10
-1.072089e-09
-9.082893e-10
9.305477e-10
-7.258939e-10
6.807675e-10
-1.177017e-09
-1.039027e-09
8.198367e-10
8.514248e-10
-1.001300e-09
-1.067347e-09
-1.077090e-09
8.720520e-10
-8.718029e-10
-8.819343e-10
1.172702e-09
-1.172536e-09
-1.300547e-09
8.500772e-10
-7.507589e-10
-8.706007e-10
1.105962e-09
9.881325e-10
7.847486e-10
1.066139e-09
-1.168358e-09
1.063718e-09
-9.982642e-10
-1.158613e-09
-1.113000e-09
-7.847048e-10
-1.324707e-09
5.075155e-10
-1.118059e-09
-1.191215e-09
1.115116e-09
-1.109512e-09
-1.272956e-09
6.611638e-10
8.810524e-10
-8.399271e-10
-6.150210e-10
-1.142151e-09
-8.339013e-10
6.918779e-10
9.434428e-10
8.629710e-10
-8.206041e-10
-1.452066e-09
-8.620552e-10
-1.039832e-09
-1.230399e-09
-1.415693e-09
-1.218250e-09
-1.358149e-09
-8.976885e-10
9.737395e-10
-8.017350e-10
-7.914972e-10
-9.148108e-10
-8.780109e-10
1.089504e-09
-1.047838e-09
-9.920771e-10
-9.802978e-10
-1.083580e-09
-9.900965e-10
1.376592e-09
8.727053e-10
5.768041e-10
-1.070178e-09
7.422372e-10
-9.942873e-10
1.002575e-09
1.070891e-09
-1.094108e-09
7.940074e-10
8.618537e-10
-9.691955e-10
-9.044310e-10
8.195062e-10
-1.009840e-09
-1.121804e-09
-1.320377e-09
-1.247034e-09
-1.049254e-09
-6.963211e-10
-1.087575e-09
8.182870e-10
9.508765e-10
6.605367e-10
8.075029e-10
-1.292312e-09
-1.072301e-09
1.167602e-09
-8.540959e-10
-1.041544e-09
-7.223995e-10
1.175170e-09
7.722112e-10
-1.154332e-09
-7.967775e-10
5.637156e-10
-8.588079e-10
-8.573956e-10
1.229935e-09
-8.307759e-10
-9.634803e-10
-1.313923e-09
1.263785e-09
1.000836e-09
-8.628338e-10
-1.138021e-09
7.345334e-10
-6.608094e-10
-6.522865e-10
-7.393173e-10
-1.042893e-09
1.511534e-09
9.465916e-10
-1.167980e-09
-9.893861e-10
-7.647676e-10
-8.953264e-10
-8.053978e-10
-6.636411e-10
-1.085710e-09
-9.755215e-10
-1.010427e-09
-4.093746e-10
1.238428e-09
-1.067166e-09
-8.988558e-10
1.200645e-09
-9.674514e-10
-1.158822e-09
1.433735e-09
-1.030559e-09
-6.757162e-10
-1.005451e-09
-1.128913e-09
-1.291199e-09
1.044342e-09
-1.017567e-09
1.207170e-09
9.592099e-10
-1.119735e-09
4.904645e-10
-1.294283e-09
-7.396757e-10
1.306652e-09
-9.413046e-10
-1.046235e-09
-1.197960e-09
-7.793195e-10
1.216473e-09
1.025847e-09
-1.193086e-09
-1.248530e-09
9.729115e-10
8.583121e-10
-6.098905e-10
-9.303084e-10
-1.296426e-09
-9.751520e-10
-7.774536e-10
-8.160206e-10
-9.387436e-10
-9.925066e-10
1.075375e-09
1.201029e-09
-7.148909e-10
5.761677e-10
-9.740489e-10
-7.385828e-10
9.850735e-10
7.425557e-10
5.079775e-10
1.175790e-09
-9.928889e-10
-9.598689e-10
-7.803092e-10
-9.926946e-10
-7.249586e-10
-8.194595e-10
-1.199511e-09
-1.296614e-09
-1.134596e-09
-1.405972e-09
1.020720e-09
-1.289208e-09
-9.101927e-10
-1.089383e-09
-1.058178e-09
7.768132e-10
8.072858e-10
1.133686e-09
-8.918448e-10
-1.013511e-09
1.114628e-09
1.017420e-09
-1.253493e-09
9.192590e-10
-8.222239e-10
8.128192e-10
1.276292e-09
-9.522903e-10
9.183463e-10
-8.894037e-10
1.337149e-09
-7.843912e-10
9.185487e-10
1.055954e-09
-9.914222e-10
-1.098186e-09
-1.139959e-09
-1.056697e-09
-9.964224e-10
7.038540e-10
8.691105e-10
-1.189660e-09
-1.293682e-09
7.887120e-10
-1.057693e-09
-7.491641e-10
-1.004934e-09
-1.338426e-09
1.041254e-09
-1.126713e-09
-1.271991e-09
-9.729659e-10
-1.288358e-09
-8.769796e-10
-1.018991e-09
-1.350516e-09
-8.859453e-10
-7.694399e-10
-8.086626e-10
1.028864e-09
8.035304e-10
-1.352694e-09
-1.048710e-09
8.943475e-10
-1.019260e-09
-8.830781e-10
-1.124067e-09
1.125953e-09
6.758854e-10
-1.292023e-09
-1.196883e-09
1.144014e-09
-1.236550e-09
-9.574653e-10
7.961080e-10
7.683892e-10
-9.009788e-10
-1.195630e-09
9.207032e-10
-1.145463e-09
1.118276e-09
7.932187e-10
6.398366e-10
-1.091392e-09
-1.094038e-09
-1.055079e-09
-1.267833e-09
-1.344464e-09
-1.114982e-09
9.441817e-10
-8.897189e-10
-6.970991e-10
1.370352e-09
1.158901e-09
-9.279544e-10
-1.182443e-09
-9.165013e-10
-9.371615e-10
-9.704476e-10
-9.174796e-10
-8.785633e-10
1.035128e-09
-1.116017e-09
-1.170241e-09
-7.143742e-10
-1.018696e-09
-7.766708e-10
1.511628e-09
1.029725e-09
-1.164392e-09
-6.687155e-10
5.759881e-10
8.472379e-10
-1.006791e-09
-8.397029e-10
7.293781e-10
1.090120e-09
-1.401468e-09
1.212643e-09
1.560445e-09
8.627280e-10
1.279763e-09
-8.927679e-10
-1.063119e-09
5.025537e-10
-1.098706e-09
1.105185e-09
9.902001e-10
5.548034e-10
-1.149473e-09
-1.035702e-09
8.615558e-10
1.241357e-09
7.462418e-10
-1.203739e-09
1.165762e-09
-9.987886e-10
-9.571065e-10
1.240628e-09
9.820429e-10
-8.734714e-10
-1.067108e-09
-1.045647e-09
-9.057749e-10
7.450784e-10
1.288010e-09
-7.805407e-10
-8.418457e-10
1.200549e-09
-8.468850e-10
8.262092e-10
1.203022e-09
-1.154233e-09
-1.130608e-09
-1.227755e-09
8.674361e-10
-1.286539e-09
-8.935262e-10
-1.201709e-09
-1.566833e-09
1.004142e-09
-8.994087e-10
-9.059766e-10
-9.047849e-10
9.162844e-10
-8.727618e-10
1.121233e-09
-9.292439e-10
1.042887e-09
-6.983392e-10
-1.253300e-09
-7.561961e-10
-1.243070e-09
-1.023465e-09
-9.297046e-10
-1.343950e-09
-1.052762e-09
1.032948e-09
-1.181119e-09
-8.874056e-10
-7.124857e-10
-1.072007e-09
-1.367629e-09
6.854171e-10
-8.554736e-10
1.110649e-09
-1.112406e-09
-9.906808e-10
-1.009721e-09
-1.157275e-09
9.013852e-10
-1.123302e-09
1.029559e-09
-6.785694e-10
-7.370646e-10
-9.840880e-10
1.139538e-09
-1.598747e-09
5.956316e-10
9.891004e-10
8.524873e-10
1.346943e-09
-1.123897e-09
9.160627e-10
-8.370842e-10
-1.259386e-09
-1.159265e-09
9.338185e-10
-7.927458e-10
-5.968950e-10
1.157927e-09
-9.333496e-10
9.233712e-10
-1.108994e-09
-1.073956e-09
-6.242030e-10
-1.105626e-09
-1.103494e-09
1.123375e-09
9.449357e-10
9.786777e-10
-7.793997e-10
-9.709538e-10
1.150047e-09
-9.947743e-10
-6.716881e-10
-1.068208e-09
7.955724e-10
1.122953e-09
-1.248082e-09
-1.082262e-09
-1.208216e-09
-7.864684e-10
8.275559e-10
1.002069e-09
-9.440809e-10
7.425211e-10
-7.918362e-10
8.636522e-10
-7.503921e-10
-9.798364e-10
-1.311192e-09
9.820860e-10
-1.053473e-09
-1.053297e-09
1.352719e-09
-1.109870e-09
1.202218e-09
-8.410650e-10
1.069427e-09
-8.380389e-10
1.225380e-09
-1.147938e-09
-9.861966e-10
-1.307008e-09
-1.134498e-09
1.477493e-09
9.700837e-10
-1.076883e-09
-8.100949e-10
-1.218048e-09
9.711764e-10
-8.879286e-10
-9.972094e-10
1.033514e-09
9.978442e-10
-1.104544e-09
1.381714e-09
9.465853e-10
1.283799e-09
-9.929793e-10
-1.081918e-09
8.427341e-10
-1.036058e-09
-8.595658e-10
-1.089948e-09
-9.359246e-10
1.375407e-09
8.196713e-10
1.006848e-09
8.372100e-10
-9.939401e-10
-1.174259e-09
7.092016e-10
-1.098536e-09
1.292346e-09
-6.842943e-10
1.084448e-09
1.165171e-09
-1.025972e-09
7.786041e-10
-8.068226e-10
1.508961e-09
-7.775631e-10
-9.854744e-10
-8.077419e-10
-1.241676e-09
-7.367457e-10
-9.345878e-10
-9.861754e-10
-1.089263e-09
-1.343295e-09
1.176079e-09
9.823053e-10
-9.087405e-10
-1.116018e-09
-8.676156e-10
-1.098773e-09
6.434964e-10
-9.973377e-10
-6.125263e-10
-1.213595e-09
-9.551086e-10
-1.147085e-09
-9.903379e-10
-1.178610e-09
-9.610280e-10
1.032102e-09
-9.145012e-10
-1.021143e-09
-1.121811e-09
-1.161514e-09
-1.477880e-09
7.795894e-10
-1.162105e-09
-8.201419e-10
1.338824e-09
-1.006843e-09
8.902188e-10
-1.026767e-09
-8.803452e-10
8.497466e-10
-7.991699e-10
-1.115416e-09
1.326374e-09
-9.215854e-10
-9.687706e-10
1.213933e-09
7.655736e-10
8.635685e-10
-1.117250e-09
-1.020193e-09
-1.196307e-09
-1.365527e-09
-9.764555e-10
9.802317e-10
8.429052e-10
-1.051984e-09
1.661376e-09
-1.009115e-09
-8.319008e-10
-1.386685e-09
-7.783917e-10
-1.167320e-09
-1.104995e-09
-6.842971e-10
-9.874849e-10
1.407578e-09
-6.042017e-10
1.455842e-09
-1.253697e-09
-8.735708e-10
-1.136228e-09
-1.112945e-09
-1.516380e-09
1.133702e-09
-1.034844e-09
1.004878e-09
-1.056548e-09
-1.074744e-09
1.377786e-09
1.175928e-09
-8.319470e-10
9.992082e-10
-9.209484e-10
-7.764268e-10
9.353329e-10
-7.960283e-10
-1.126667e-09
9.886199e-10
-9.655630e-10
9.007892e-10
9.959833e-10
-5.221675e-10
-1.162603e-09
-9.956221e-10
1.145900e-09
-9.657907e-10
1.116293e-09
7.122883e-10
-9.195799e-10
-1.046899e-09
-6.524267e-10
1.133715e-09
-5.129078e-10
-1.160799e-09
-1.254277e-09
-1.018236e-09
-8.900104e-10
9.648161e-10
-9.147633e-10
1.169219e-09
9.525701e-10
1.234793e-09
-7.681208e-10
1.120775e-09
-8.322688e-10
8.460474e-10
-1.142395e-09
-1.090059e-09
-1.401691e-09
-9.912986e-10
1.067968e-09
1.078943e-09
-1.144154e-09
-8.933363e-10
-1.064930e-09
-8.448291e-10
-9.644061e-10
8.889415e-10
-9.242613e-10
-9.966131e-10
-9.725769e-10
1.144453e-09
-1.027433e-09
9.319303e-10
6.529709e-10
-1.334839e-09
8.031323e-10
-1.104847e-09
-1.473219e-09
8.878894e-10
-1.015999e-09
-7.655583e-10
8.139584e-10
-1.025290e-09
-8.126791e-10
-7.344474e-10
9.249527e-10
-9.155129e-10
-1.253327e-09
-8.832023e-10
9.460265e-10
-1.126580e-09
-1.038063e-09
-1.186914e-09
-9.755115e-10
-6.143354e-10
8.003087e-10
-5.764544e-10
-9.562672e-10
9.836819e-10
9.664560e-10
6.163976e-10
-1.273153e-09
-7.853103e-10
-7.156903e-10
1.036464e-09
-9.151625e-10
8.555394e-10
-7.044663e-10
-9.285469e-10
1.082332e-09
-1.302594e-09
9.849554e-10
1.146579e-09
-7.418290e-10
-1.124362e-09
1.258900e-09
-8.896187e-10
-1.051931e-09
-1.183519e-09
8.784442e-10
-1.249052e-09
1.196235e-09
8.932337e-10
-7.154679e-10
-8.438853e-10
-1.293423e-09
9.408641e-10
-7.916226e-10
-9.131739e-10
-9.504621e-10
8.943121e-10
-1.293230e-09
1.113479e-09
-9.861257e-10
-8.489670e-10
1.285240e-09
1.266314e-09
-6.814032e-10
-1.258570e-09
1.524100e-09
-1.305616e-09
-6.395438e-10
7.205918e-10
-5.509069e-10
-9.067568e-10
-8.409119e-10
1.253989e-09
9.433561e-10
9.359150e-10
6.759787e-10
1.357939e-09
-9.211503e-10
9.700888e-10
1.264956e-09
1.071191e-09
-1.062898e-09
-9.217638e-10
-1.134679e-09
-8.941514e-10
-9.994666e-10
8.005112e-10
8.358906e-10
-1.274714e-09
-1.222536e-09
-1.006285e-09
1.043091e-09
8.260287e-10
-1.189970e-09
-1.152599e-09
-6.818832e-10
1.158634e-09
-8.453564e-10
-1.298074e-09
-1.211427e-09
8.844170e-10
-1.012630e-09
1.301809e-09
1.138072e-09
1.063035e-09
-1.194201e-09
-9.587183e-10
1.135363e-09
-9.454887e-10
9.650844e-10
-1.099843e-09
1.340673e-09
1.147562e-09
-1.194011e-09
-1.117679e-09
-8.752659e-10
1.173519e-09
-7.871726e-10
1.278034e-09
1.232146e-09
-1.233138e-09
1.241095e-09
-8.623570e-10
-1.091603e-09
1.051036e-09
-1.246967e-09
-1.260695e-09
-9.117493e-10
7.552662e-10
-1.029410e-09
-1.011101e-09
1.032961e-09
-6.998443e-10
9.885997e-10
7.424448e-10
-1.285942e-09
-6.898098e-10
1.060477e-09
-1.168831e-09
1.042597e-09
-1.205457e-09
-1.264060e-09
-8.636995e-10
9.031573e-10
-8.368034e-10
-8.212035e-10
-1.361153e-09
9.228614e-10
1.102237e-09
-1.292374e-09
-7.834797e-10
8.607687e-10
-7.687682e-10
8.773871e-10
8.071707e-10
1.354192e-09
8.668245e-10
-1.039270e-09
1.173013e-09
-1.109598e-09
7.158748e-10
1.030583e-09
-5.511831e-10
9.348696e-10
-9.482924e-10
8.981542e-10
-9.455219e-10
1.313066e-09
-9.320845e-10
-9.750376e-10
-1.290538e-09
-1.013781e-09
1.127800e-09
1.234229e-09
-5.609009e-10
-1.004727e-09
-1.161457e-09
-1.067681e-09
-1.069584e-09
-6.358921e-10
1.106557e-09
-1.309110e-09
-1.408166e-09
1.001715e-09
9.569526e-10
7.421609e-10
8.346405e-10
8.943019e-10
-9.656592e-10
-1.243907e-09
1.080656e-09
-1.062682e-09
-1.197993e-09
1.095310e-09
-1.043284e-09
1.122126e-09
-1.061671e-09
1.071539e-09
-1.122828e-09
9.175994e-10
-8.573692e-10
-1.406715e-09
1.080314e-09
-8.454608e-10
1.342341e-09
-8.813740e-10
1.172516e-09
8.739441e-10
9.712015e-10
-9.788538e-10
1.004704e-09
-1.162825e-09
-7.847293e-10
1.107443e-09
-1.141129e-09
1.021321e-09
-6.926250e-10
-1.068163e-09
7.911511e-10
-1.241418e-09
-7.682209e-10
-5.552853e-10
1.002585e-09
-1.401212e-09
-1.026325e-09
8.921984e-10
-1.005844e-09
9.468239e-10
1.314854e-09
-1.084857e-09
-1.235069e-09
-1.386668e-09
-1.274107e-09
-9.810157e-10
-1.107026e-09
9.757203e-10
-8.466564e-10
-1.331451e-09
-1.336688e-09
-8.554530e-10
1.423196e-09
1.292157e-09
-1.384204e-09
9.666448e-10
1.217910e-09
1.190393e-09
-1.036536e-09
8.290715e-10
-1.190461e-09
1.236655e-09
9.759967e-10
-1.211263e-09
-1.068382e-09
-9.815720e-10
1.092988e-09
5.130781e-10
8.621468e-10
-1.039522e-09
-8.227547e-10
-9.512709e-10
-1.006001e-09
-1.000250e-09
7.318846e-10
1.030208e-09
-1.064280e-09
1.258067e-09
-1.166765e-09
-1.050503e-09
-1.121728e-09
1.152458e-09
1.318535e-09
1.073747e-09
7.346759e-10
1.156903e-09
-8.187752e-10
-1.029972e-09
9.363946e-10
-1.007977e-09
1.067389e-09
-1.197448e-09
-1.053891e-09
-9.263556e-10
-7.194648e-10
-1.021708e-09
8.977889e-10
1.128293e-09
9.762391e-10
9.162884e-10
-7.454165e-10
1.006460e-09
-9.884117e-10
-1.033588e-09
7.059966e-10
-6.464139e-10
-1.106582e-09
-3.045310e-10
-1.197946e-09
6.760409e-10
1.332847e-09
7.529534e-10
-1.021671e-09
9.319185e-10
9.455579e-10
-1.265187e-09
8.890648e-10
9.522963e-10
-1.072498e-09
1.121050e-09
1.208964e-09
-6.417111e-10
1.177928e-09
9.348265e-10
-9.084704e-10
-1.168321e-09
1.194241e-09
-9.870916e-10
-9.239728e-10
1.108016e-09
-8.593741e-10
-1.282327e-09
-7.942133e-10
-6.761289e-10
7.975971e-10
-9.544697e-10
-8.029604e-10
8.204580e-10
-8.059046e-10
1.005634e-09
7.081399e-10
-1.030995e-09
-6.762740e-10
9.274585e-10
1.091546e-09
1.055006e-09
-8.254069e-10
1.614550e-09
1.029770e-09
-9.005402e-10
-1.017783e-09
1.258309e-09
-1.016114e-09
5.696033e-10
-1.135518e-09
-1.298266e-09
-1.169920e-09
-1.142350e-09
8.251566e-10
-9.088225e-10
6.730461e-10
-8.709677e-10
-1.145716e-09
1.290164e-09
8.845087e-10
-1.001941e-09
-7.659340e-10
9.413140e-10
-1.086720e-09
8.696309e-10
-1.068726e-09
-9.394023e-10
-1.247491e-09
-8.189386e-10
-1.215339e-09
-1.037004e-09
-6.597946e-10
-1.015258e-09
-9.903729e-10
1.203344e-09
-5.221151e-10
1.002759e-09
-1.389356e-09
-9.834515e-10
-1.164131e-09
-8.238276e-10
-1.037969e-09
1.213300e-09
-8.711518e-10
1.634180e-09
-7.058540e-10
-1.164813e-09
9.616795e-10
-8.352873e-10
6.653096e-10
-6.652030e-10
-8.876942e-10
1.148426e-09
-9.536895e-10
-9.018035e-10
-9.159615e-10
-1.170033e-09
9.345799e-10
1.053299e-09
-8.767583e-10
-1.231431e-09
-9.183944e-10
-8.787582e-10
1.262095e-09
1.440613e-09
8.586626e-10
-1.094495e-09
-9.560899e-10
-1.060882e-09
-7.669301e-10
-7.997609e-10
-1.026080e-09
-7.859652e-10
-1.073697e-09
-7.527496e-10
1.067043e-09
-1.283879e-09
-1.215952e-09
1.334073e-09
9.928870e-10
1.351856e-09
9.218798e-10
-1.052569e-09
1.004932e-09
-9.509931e-10
-1.585913e-09
-8.658626e-10
1.081515e-09
-9.631220e-10
1.006458e-09
-9.563081e-10
-1.132747e-09
-1.115539e-09
-1.270001e-09
1.033664e-09
1.068142e-09
-1.149348e-09
-8.689332e-10
-1.232828e-09
1.156986e-09
9.911779e-10
-1.134799e-09
7.512421e-10
-1.023027e-09
-1.234336e-09
-1.005961e-09
-7.132113e-10
-1.290786e-09
-1.225063e-09
1.088202e-09
6.471331e-10
-7.541161e-10
-7.354129e-10
-1.059949e-09
-1.064295e-09
-1.051249e-09
-1.376340e-09
-6.079226e-10
-7.938465e-10
-1.021751e-09
-8.584787e-10
-9.677031e-10
-1.063326e-09
-9.153643e-10
-1.166083e-09
-7.983298e-10
-6.295645e-10
-1.025183e-09
-1.011899e-09
6.769126e-10
-1.101943e-09
1.008572e-09
8.878574e-10
-6.925015e-10
9.024693e-10
-9.607117e-10
-1.068022e-09
1.270649e-09
1.151627e-09
1.008342e-09
-1.188277e-09
1.089231e-09
1.075591e-09
-8.956228e-10
1.014343e-09
1.033141e-09
1.054688e-09
-8.498847e-10
-9.547047e-10
-9.509860e-10
-6.361708e-10
-9.574149e-10
1.173577e-09
-9.627593e-10
-1.036000e-09
1.271838e-09
1.090949e-09
-1.357810e-09
8.170127e-10
1.178975e-09
-1.143483e-09
-7.467941e-10
-1.097956e-09
-7.888989e-10
-9.976237e-10
8.282172e-10
-6.505059e-10
-7.007779e-10
1.043457e-09
-1.233059e-09
1.061754e-09
-1.163671e-09
5.909230e-10
1.038574e-09
8.615425e-10
1.010599e-09
6.850666e-10
1.097625e-09
1.162690e-09
-1.106434e-09
1.216124e-09
1.110034e-09
8.427181e-10
5.942567e-10
-1.151474e-09
1.010216e-09
-9.848569e-10
1.146617e-09
1.158606e-09
1.185492e-09
8.330767e-10
-1.105561e-09
8.302523e-10
-9.948790e-10
-1.020195e-09
-9.986263e-10
1.163394e-09
1.013773e-09
9.785378e-10
1.074589e-09
-1.168033e-09
9.894941e-10
-9.302502e-10
-8.222689e-10
-7.041492e-10
-9.001109e-10
9.612522e-10
-8.578016e-10
-1.365960e-09
8.099194e-10
6.760424e-10
9.140718e-10
-7.508320e-10
-9.258229e-10
1.109606e-09
-8.684567e-10
-1.096235e-09
-9.243231e-10
7.425063e-10
-1.022807e-09
1.443614e-09
-1.126066e-09
-1.329193e-09
-1.082280e-09
1.167922e-09
5.024003e-10
8.866511e-10
-1.144061e-09
8.375813e-10
-9.833175e-10
-1.157165e-09
-8.697696e-10
8.700434e-10
-1.430444e-09
9.568850e-10
-1.320001e-09
1.012143e-09
8.838739e-10
-1.014575e-09
1.060944e-09
-1.237485e-09
7.569609e-10
9.025872e-10
-1.144976e-09
-7.016783e-10
-9.532609e-10
-7.540322e-10
-1.241899e-09
-9.747621e-10
-1.059545e-09
-9.803766e-10
9.434815e-10
-7.864040e-10
-1.231537e-09
-7.905910e-10
9.530855e-10
9.085543e-10
-8.441200e-10
1.006152e-09
-6.046002e-10
-1.001536e-09
-9.568990e-10
-8.067845e-10
1.228451e-09
-9.558900e-10
6.239496e-10
-1.115433e-09
-9.259045e-10
-6.447294e-10
-1.091929e-09
8.866329e-10
1.189933e-09
-8.318568e-10
-8.319068e-10
-7.749463e-10
-1.137275e-09
-8.437513e-10
1.181172e-09
9.207199e-10
-1.141922e-09
1.137560e-09
-7.626362e-10
-1.252745e-09
-5.764944e-10
-1.133163e-09
1.139632e-09
-9.107664e-10
1.266196e-09
-7.813713e-10
-8.015735e-10
-6.720816e-10
1.300771e-09
-9.261838e-10
1.022868e-09
9.930444e-10
-1.318312e-09
-8.644312e-10
-7.734085e-10
-8.460376e-10
-7.920410e-10
7.577165e-10
-1.208862e-09
-1.102660e-09
-9.291990e-10
1.188681e-09
1.153709e-09
-9.724461e-10
-1.066950e-09
-8.247689e-10
-1.088164e-09
9.661749e-10
-1.217945e-09
-8.448024e-10
-1.131065e-09
8.711632e-10
9.651831e-10
-4.609420e-10
1.179847e-09
-9.412992e-10
-1.070530e-09
8.812032e-10
-9.277421e-10
-7.606238e-10
8.595137e-10
-1.183190e-09
5.330080e-10
9.504902e-10
1.265437e-09
-1.067226e-09
-1.111917e-09
-9.027761e-10
-9.838898e-10
-1.002610e-09
-8.976622e-10
-1.211422e-09
1.222471e-09
8.433689e-10
9.237516e-10
9.248249e-10
-1.154146e-09
-7.954171e-10
-1.011455e-09
-1.291906e-09
1.118651e-09
-1.138420e-09
-8.979270e-10
-1.151685e-09
-8.689516e-10
-1.158585e-09
1.008748e-09
1.031080e-09
-7.415537e-10
-9.325347e-10
-6.651238e-10
-8.435532e-10
1.267242e-09
-1.294398e-09
-1.011171e-09
-5.180879e-10
-9.626489e-10
-9.462462e-10
7.765814e-10
-8.820418e-10
9.070703e-10
-1.254417e-09
8.229092e-10
8.280259e-10
-7.629808e-10
-6.822165e-10
1.125242e-09
-9.294561e-10
1.361418e-09
1.217885e-09
-7.336133e-10
-9.123853e-10
-8.903582e-10
7.928465e-10
7.087540e-10
-1.171477e-09
-1.194702e-09
-9.783105e-10
1.369213e-09
-1.293779e-09
-1.144342e-09
1.419824e-09
8.936444e-10
-9.770970e-10
1.118370e-09
-1.210015e-09
-1.032042e-09
-1.193958e-09
9.834229e-10
8.540352e-10
9.498230e-10
1.006180e-09
-1.186133e-09
1.258883e-09
-1.037935e-09
-9.771804e-10
-9.979251e-10
1.481560e-09
-1.035330e-09
1.046909e-09
-9.079786e-10
-9.003620e-10
-9.861390e-10
-9.753062e-10
-1.182604e-09
1.245300e-09
-1.099395e-09
6.898773e-10
8.908502e-10
-1.013142e-09
9.957859e-10
1.317513e-09
-1.077385e-09
-1.052220e-09
9.570897e-10
-9.978552e-10
1.118110e-09
1.158358e-09
-1.250618e-09
1.098642e-09
-1.456305e-09
-8.678789e-10
1.002110e-09
-6.167263e-10
-1.055394e-09
5.341936e-10
-8.691105e-10
-9.842730e-10
9.052249e-10
9.880941e-10
1.194555e-09
-8.929486e-10
-1.146200e-09
-8.594056e-10
-1.180679e-09
8.958479e-10
-9.827516e-10
-7.417866e-10
-1.053634e-09
1.019184e-09
1.098572e-09
9.503992e-10
1.263618e-09
9.784340e-10
9.969339e-10
-9.939737e-10
-1.107670e-09
-9.544401e-10
9.331855e-10
1.081203e-09
-1.222798e-09
1.032762e-09
-7.135467e-10
7.600515e-10
1.114751e-09
1.043523e-09
1.141840e-09
-5.693411e-10
-9.583724e-10
-7.376173e-10
-9.347959e-10
-1.261498e-09
1.300199e-09
-1.249864e-09
9.869834e-10
-1.094316e-09
7.805433e-10
-1.120653e-09
-1.389262e-09
-1.261962e-09
-9.337888e-10
-1.082081e-09
-1.060850e-09
-1.148540e-09
9.642188e-10
-1.147597e-09
1.013063e-09
-9.302198e-10
1.059336e-09
-1.081943e-09
-1.128522e-09
1.110430e-09
-1.037405e-09
-1.491582e-09
-1.316441e-09
7.147096e-10
7.568056e-10
-8.058198e-10
7.887264e-10
9.890512e-10
8.515784e-10
-1.118839e-09
-1.011433e-09
1.044433e-09
1.309793e-09
1.043423e-09
-1.153657e-09
-9.799140e-10
-1.264932e-09
8.558496e-10
-1.253832e-09
-9.015285e-10
-9.566524e-10
-1.134926e-09
-5.842552e-10
-7.793607e-10
-1.050035e-09
9.977756e-10
1.002331e-09
-1.232498e-09
-9.146527e-10
-1.083883e-09
-1.257552e-09
1.105237e-09
3.939890e-10
1.121298e-09
-1.059102e-09
-1.038866e-09
-9.145221e-10
-9.701373e-10
-1.212768e-09
1.072409e-09
-1.019933e-09
-8.347986e-10
1.064301e-09
-8.013430e-10
1.167005e-09
-1.087969e-09
-1.283963e-09
1.090658e-09
1.014312e-09
-1.037331e-09
-9.658179e-10
-1.509696e-09
-9.972138e-10
-1.007671e-09
-1.354497e-09
-8.009343e-10
9.391075e-10
7.182821e-10
1.050890e-09
-7.771826e-10
1.145747e-09
-1.036998e-09
-6.634090e-10
-1.130131e-09
-9.463345e-10
1.012778e-09
-1.211704e-09
-9.986704e-10
9.425679e-10
-8.474785e-10
9.528621e-10
9.164849e-10
-9.697891e-10
-8.185519e-10
-8.735869e-10
-1.272730e-09
1.132972e-09
1.110335e-09
-9.701362e-10
-1.293811e-09
1.439292e-09
-6.044908e-10
1.062394e-09
9.985768e-10
8.651574e-10
-9.474023e-10
1.021994e-09
-1.014364e-09
-1.097292e-09
-1.262598e-09
1.014828e-09
-9.632288e-10
-1.088634e-09
-9.607558e-10
-9.962565e-10
-1.279019e-09
9.389815e-10
-1.019690e-09
-1.225179e-09
-9.582449e-10
-1.179559e-09
6.328610e-10
1.320128e-09
1.042216e-09
5.019239e-10
-1.271462e-09
-9.808160e-10
1.026827e-09
-7.410202e-10
-1.078696e-09
-6.808942e-10
1.289262e-09
-5.493815e-10
-7.469650e-10
7.813710e-10
-1.316434e-09
-1.057857e-09
1.219929e-09
1.087655e-09
1.080796e-09
-8.981358e-10
-1.129714e-09
6.023897e-10
1.431327e-09
-8.687619e-10
-1.048314e-09
-8.770297e-10
-8.950935e-10
-8.768264e-10
-8.965222e-10
-7.353945e-10
8.410802e-10
1.376495e-09
-7.344777e-10
-1.197513e-09
-1.062107e-09
-9.633412e-10
-9.509287e-10
-1.046761e-09
-1.052449e-09
-1.155551e-09
-1.218583e-09
-9.567442e-10
9.023486e-10
1.358200e-09
-1.429116e-09
8.892399e-10
-7.148533e-10
-6.820190e-10
1.053500e-09
1.053289e-09
7.873387e-10
8.275203e-10
-8.516831e-10
-7.176030e-10
4.883501e-10
-1.493681e-09
1.136398e-09
-8.709834e-10
-1.168496e-09
-9.325761e-10
-9.580970e-10
-1.015728e-09
8.823605e-10
1.233850e-09
-1.193045e-09
6.707089e-10
1.064511e-09
-7.594651e-10
1.251552e-09
-8.598364e-10
-1.012861e-09
-9.272052e-10
8.354433e-10
-9.184868e-10
-9.401530e-10
9.928842e-10
-5.428666e-10
-1.315681e-09
-7.582622e-10
-1.197437e-09
8.762772e-10
1.172209e-09
1.200821e-09
-1.104907e-09
-1.150937e-09
-1.051278e-09
9.334989e-10
1.312029e-09
-1.055119e-09
1.131908e-09
8.165002e-10
-1.016562e-09
-1.198885e-09
-1.620588e-09
9.564598e-10
-7.418118e-10
9.833841e-10
1.251985e-09
1.391118e-09
-1.149911e-09
-7.379834e-10
-1.128504e-09
-8.239071e-10
8.175008e-10
8.987503e-10
1.214081e-09
-8.308008e-10
-1.052945e-09
-1.213757e-09
-9.920562e-10
1.499308e-09
-1.081301e-09
-1.236819e-09
-1.221527e-09
-9.328526e-10
-9.901733e-10
-1.153564e-09
-1.096490e-09
-7.137542e-10
-9.918857e-10
-1.025401e-09
-1.053593e-09
-1.195911e-09
-9.816669e-10
1.267154e-09
-1.267794e-09
1.254075e-09
-1.114545e-09
-1.112057e-09
1.144406e-09
9.207190e-10
-1.005134e-09
1.117724e-09
-1.004184e-09
-1.229502e-09
1.030587e-09
-1.206298e-09
-6.804765e-10
-1.206308e-09
-1.303922e-09
9.010829e-10
-9.712927e-10
-9.265622e-10
-1.116407e-09
-1.043773e-09
-1.029654e-09
-7.990826e-10
-1.106136e-09
1.016558e-09
1.248929e-09
1.053228e-09
1.235364e-09
-1.016651e-09
9.818178e-10
1.169783e-09
-1.533853e-09
-1.005592e-09
1.164265e-09
-9.560916e-10
-7.241761e-10
1.040190e-09
-9.370469e-10
8.557514e-10
1.057653e-09
-8.143531e-10
-8.072981e-10
-7.195006e-10
-5.787491e-10
-1.151297e-09
-5.595176e-10
9.223743e-10
-8.184640e-10
-1.314303e-09
-1.353128e-09
-1.023783e-09
1.173413e-09
8.686541e-10
-8.819526e-10
-9.642614e-10
-1.131857e-09
-7.749687e-10
8.553524e-10
-9.627902e-10
-1.036277e-09
-1.136215e-09
-7.891859e-10
-1.286437e-09
-9.695704e-10
1.218394e-09
-9.106421e-10
-1.275595e-09
-9.799227e-10
-1.300728e-09
-1.225611e-09
-1.057152e-09
8.850932e-10
-1.140221e-09
1.188111e-09
-1.159656e-09
-9.586773e-10
-1.100801e-09
-1.148391e-09
8.479699e-10
-1.137705e-09
-1.037293e-09
-1.145103e-09
5.835498e-10
-1.457503e-09
-8.719584e-10
1.006737e-09
9.956074e-10
9.773987e-10
-1.043657e-09
1.078240e-09
-7.083311e-10
-8.956499e-10
-1.100674e-09
1.137331e-09
-7.080625e-10
-1.045404e-09
9.824067e-10
-1.034586e-09
-1.209133e-09
-1.048575e-09
-9.198996e-10
7.965487e-10
-1.096421e-09
-8.497455e-10
1.263457e-09
-1.294213e-09
-9.146588e-10
-9.627219e-10
6.664489e-10
8.454748e-10
-8.744741e-10
-9.361843e-10
1.011702e-09
-9.223649e-10
7.551858e-10
-1.178298e-09
-8.511757e-10
-9.745327e-10
1.064652e-09
7.799505e-10
1.251636e-09
1.098996e-09
9.132808e-10
-1.001948e-09
-1.122936e-09
1.031166e-09
-1.327743e-09
9.635804e-10
1.187459e-09
8.070838e-10
-1.059133e-09
1.140695e-09
-8.465005e-10
1.277604e-09
1.467048e-09
1.241148e-09
-1.246291e-09
-1.112273e-09
-9.513016e-10
9.629855e-10
-1.028961e-09
9.408627e-10
9.049603e-10
-1.089042e-09
-6.754716e-10
-9.692266e-10
-9.128699e-10
-9.669636e-10
9.076628e-10
-1.245916e-09
1.026970e-09
-1.011458e-09
-9.710027e-10
1.009878e-09
-1.196414e-09
-1.018542e-09
-9.551293e-10
1.382630e-09
1.116267e-09
-1.365029e-09
-9.965260e-10
1.338494e-09
-8.487287e-10
8.051375e-10
1.373878e-09
1.103131e-09
8.500020e-10
1.325174e-09
7.600805e-10
-8.053347e-10
-8.279423e-10
-1.110189e-09
-1.297718e-09
-9.855454e-10
1.078156e-09
9.471660e-10
9.355180e-10
1.083033e-09
-9.632219e-10
-1.266300e-09
-1.124778e-09
5.927462e-10
8.756104e-10
9.137528e-10
9.086218e-10
1.110401e-09
-6.550233e-10
-1.031518e-09
-9.356632e-10
1.021027e-09
1.164814e-09
8.557257e-10
-8.708421e-10
-1.002092e-09
-1.215206e-09
-7.883273e-10
-1.200141e-09
-1.137950e-09
1.097466e-09
-6.357567e-10
-1.012315e-09
9.381928e-10
-1.116673e-09
-1.105482e-09
-6.741414e-10
-1.069761e-09
-8.116415e-10
1.245514e-09
1.161829e-09
9.936829e-10
-9.701996e-10
-1.087218e-09
1.112468e-09
1.005245e-09
1.212700e-09
1.193209e-09
-1.082829e-09
-1.008439e-09
-1.045889e-09
-1.413604e-09
-1.045376e-09
-1.034555e-09
1.062806e-09
-7.296203e-10
-1.108058e-09
-1.011611e-09
1.086354e-09
-7.376594e-10
1.406675e-09
-7.333276e-10
-8.777429e-10
1.274087e-09
-1.045914e-09
-1.182192e-09
-8.194310e-10
-8.245106e-10
6.873029e-10
8.391886e-10
1.051875e-09
-1.108549e-09
-1.017055e-09
-9.784331e-10
7.486671e-10
-8.276106e-10
-1.446374e-09
1.095921e-09
1.118813e-09
-6.413607e-10
-1.083397e-09
-9.107836e-10
1.128747e-09
1.092160e-09
-1.067699e-09
-9.753702e-10
1.198765e-09
1.027091e-09
6.824433e-10
9.349608e-10
8.998623e-10
-9.937318e-10
8.809787e-10
-9.438656e-10
-1.163176e-09
-7.055655e-10
-8.749644e-10
-1.148586e-09
-9.087277e-10
-1.149982e-09
-1.064417e-09
-7.107001e-10
-8.968589e-10
-1.047199e-09
-7.906106e-10
-1.074958e-09
-1.214579e-09
-1.103510e-09
9.052933e-10
-7.447238e-10
-8.411753e-10
5.903722e-10
-9.445120e-10
-8.673911e-10
-1.253756e-09
-1.013652e-09
-8.483000e-10
1.106594e-09
-8.892587e-10
5.422846e-10
1.324469e-09
-6.472474e-10
1.127360e-09
-1.250775e-09
-1.244446e-09
-1.008347e-09
8.202294e-10
1.053147e-09
-6.046032e-10
-1.238079e-09
-1.208516e-09
-1.137160e-09
-7.458376e-10
-1.075902e-09
-1.000001e-09
9.518101e-10
-8.891769e-10
-7.428789e-10
9.978033e-10
9.197340e-10
1.136415e-09
-1.087916e-09
-1.139220e-09
-7.747128e-10
-1.223155e-09
-1.091549e-09
-1.053998e-09
-9.392017e-10
-6.453290e-10
-9.118908e-10
8.856358e-10
1.282098e-09
1.322410e-09
1.078061e-09
-1.174468e-09
-1.212587e-09
-9.720852e-10
-8.955787e-10
-1.195703e-09
9.852041e-10
-1.028273e-09
1.131135e-09
-1.091920e-09
-1.064594e-09
-9.850343e-10
1.332556e-09
7.562686e-10
1.160811e-09
-7.840968e-10
6.616115e-10
-9.080420e-10
1.196570e-09
-1.158843e-09
-6.252469e-10
9.764012e-10
-1.129142e-09
1.000826e-09
-6.685523e-10
6.924438e-10
1.014741e-09
-1.290812e-09
-1.076430e-09
8.787010e-10
-9.756420e-10
-8.646379e-10
7.419668e-10
7.208294e-10
-1.128892e-09
-1.264353e-09
8.304605e-10
1.134731e-09
8.816282e-10
-9.467659e-10
-1.226821e-09
7.108897e-10
-8.948310e-10
-8.174699e-10
1.091725e-09
1.189023e-09
-9.312229e-10
7.886737e-10
9.458096e-10
1.121883e-09
-9.634598e-10
-8.998677e-10
1.154652e-09
1.288356e-09
1.277845e-09
1.100436e-09
-6.928456e-10
9.753652e-10
9.124704e-10
-8.914267e-10
9.912137e-10
-9.186902e-10
-8.960832e-10
-1.081619e-09
1.055133e-09
7.317796e-10
-8.744710e-10
9.284104e-10
1.008086e-09
1.211709e-09
-1.169536e-09
1.277506e-09
1.126652e-09
8.221816e-10
9.515976e-10
-8.889428e-10
7.205517e-10
-9.362676e-10
8.924999e-10
-9.720848e-10
-7.481497e-10
9.483925e-10
9.573498e-10
-1.093092e-09
9.698360e-10
1.001191e-09
-8.271239e-10
-9.550033e-10
-1.030789e-09
9.264923e-10
-1.036531e-09
1.233327e-09
-9.084562e-10
8.408676e-10
-8.024916e-10
9.760159e-10
1.153581e-09
-9.684059e-10
-8.352101e-10
-1.056762e-09
1.158091e-09
-8.509738e-10
-5.528830e-10
1.239254e-09
-1.296148e-09
-1.203171e-09
9.990994e-10
1.059274e-09
1.000100e-09
-6.567514e-10
1.030038e-09
-1.215745e-09
1.082522e-09
1.182374e-09
-1.051004e-09
-1.143023e-09
-1.023702e-09
-1.119703e-09
-1.108079e-09
-7.451176e-10
-1.063009e-09
-1.081199e-09
-8.209724e-10
-9.283336e-10
7.306353e-10
-1.160360e-09
9.905844e-10
9.170878e-10
-9.776926e-10
1.346257e-09
7.503502e-10
-1.318119e-09
1.230287e-09
-1.204135e-09
1.136351e-09
-7.126272e-10
1.180078e-09
8.342067e-10
-7.572426e-10
-1.038746e-09
-9.934853e-10
6.894651e-10
-5.440338e-10
1.011797e-09
1.238488e-09
-7.218603e-10
-1.072376e-09
-9.866245e-10
-1.137735e-09
1.023038e-09
-9.043366e-10
-1.201218e-09
-1.092000e-09
1.234988e-09
1.257586e-09
1.028549e-09
1.273282e-09
8.764594e-10
-9.627064e-10
1.240158e-09
1.196687e-09
-8.920923e-10
-1.192944e-09
-1.074225e-09
1.273291e-09
1.105119e-09
-5.276285e-10
-9.724367e-10
-1.282144e-09
-8.219245e-10
6.679774e-10
-9.250286e-10
8.651211e-10
7.880404e-10
-8.014724e-10
9.477163e-10
6.381955e-10
-8.412031e-10
-9.003142e-10
1.116159e-09
-9.948237e-10
-7.441873e-10
1.101205e-09
-1.226728e-09
-1.034763e-09
-1.112382e-09
-7.983819e-10
-8.088566e-10
-1.348726e-09
-1.152249e-09
1.127290e-09
1.181228e-09
9.533124e-10
8.819270e-10
-1.247554e-09
-1.154103e-09
1.101610e-09
-1.384685e-09
-1.133567e-09
-6.175130e-10
1.445268e-09
-1.045722e-09
1.196844e-09
-1.140724e-09
6.350823e-10
-1.210512e-09
-8.482212e-10
-1.351745e-09
8.213337e-10
9.674095e-10
1.036985e-09
-1.091227e-09
1.256552e-09
8.185704e-10
-9.506230e-10
-1.228830e-09
1.074385e-09
-1.302084e-09
-8.373003e-10
-9.014039e-10
-1.069954e-09
5.426907e-10
-1.059797e-09
-9.475655e-10
7.652104e-10
7.667461e-10
-8.875663e-10
-1.225996e-09
-9.814447e-10
1.116919e-09
-1.139165e-09
-9.831284e-10
1.076918e-09
-9.677749e-10
-9.251313e-10
-1.418262e-09
1.065776e-09
1.089308e-09
-1.135592e-09
-9.053409e-10
-8.594533e-10
9.967091e-10
-1.164333e-09
8.696810e-10
1.024028e-09
-1.470393e-09
-1.035164e-09
-9.627718e-10
8.664724e-10
-1.403237e-09
7.705007e-10
-6.201911e-10
-8.860599e-10
1.220909e-09
1.252854e-09
-7.294130e-10
1.202970e-09
-7.401957e-10
-1.227157e-09
-1.041106e-09
-1.225593e-09
1.332427e-09
1.011882e-09
1.084736e-09
8.663640e-10
-1.470454e-09
9.244526e-10
-8.044631e-10
-1.286767e-09
-9.500174e-10
-1.195749e-09
-8.968153e-10
5.808541e-10
-6.908520e-10
-7.210951e-10
1.054878e-09
-1.003850e-09
-9.983902e-10
8.169296e-10
-1.091797e-09
-9.026024e-10
1.234859e-09
-1.164385e-09
-7.387256e-10
7.479840e-10
-1.115094e-09
8.282270e-10
-1.224008e-09
-6.246843e-10
-1.111495e-09
8.850433e-10
1.131078e-09
-9.744107e-10
-1.354039e-09
-1.272710e-09
9.518347e-10
-1.068837e-09
1.238916e-09
-1.408406e-09
-7.692860e-10
9.701299e-10
-1.146323e-09
1.079801e-09
-8.691676e-10
-9.808523e-10
-8.809971e-10
-8.718695e-10
9.640630e-10
-8.687334e-10
-9.406113e-10
-7.447803e-10
-9.137604e-10
1.070984e-09
8.221257e-10
-1.355750e-09
9.729506e-10
-1.216803e-09
-1.176781e-09
1.297822e-09
-7.411410e-10
9.520717e-10
1.109060e-09
-9.101651e-10
-7.422599e-10
-1.227901e-09
-1.053425e-09
-6.486127e-10
-1.146206e-09
-9.146587e-10
9.938531e-10
9.669224e-10
8.473984e-10
-8.966208e-10
1.337754e-09
-1.200346e-09
1.087485e-09
-1.049121e-09
-8.621287e-10
-1.072133e-09
-1.208159e-09
-6.123269e-10
-1.243929e-09
-8.166952e-10
1.341701e-09
1.324771e-09
-1.308966e-09
-9.403060e-10
-1.115103e-09
-1.071704e-09
-1.437191e-09
1.019697e-09
1.230153e-09
7.286415e-10
-1.001638e-09
-6.666546e-10
-9.761411e-10
-1.309273e-09
9.020282e-10
1.056202e-09
-7.168162e-10
-9.123342e-10
-1.198769e-09
-7.285384e-10
1.066878e-09
1.012456e-09
8.459967e-10
-1.044556e-09
-8.220551e-10
1.559727e-09
7.470737e-10
-1.109070e-09
-1.188809e-09
1.051928e-09
-7.342718e-10
1.047720e-09
1.235789e-09
1.100610e-09
-9.715548e-10
7.928616e-10
-8.367797e-10
1.135519e-09
-1.128507e-09
-1.060542e-09
-7.817386e-10
-7.264255e-10
-7.771518e-10
-8.729315e-10
-7.500708e-10
-8.446396e-10
1.031547e-09
-9.644281e-10
-9.245286e-10
-1.074348e-09
-1.317852e-09
-1.107916e-09
-1.116558e-09
1.112964e-09
7.085526e-10
1.211141e-09
-1.271923e-09
-1.331288e-09
-7.812028e-10
1.416165e-09
9.006911e-10
-1.017783e-09
-9.514138e-10
9.013971e-10
1.165510e-09
-1.007375e-09
9.324005e-10
-9.852369e-10
-7.675539e-10
-1.153068e-09
-1.230507e-09
1.083202e-09
-8.384588e-10
-7.145335e-10
9.049485e-10
-1.341564e-09
7.816916e-10
-1.147521e-09
-8.726470e-10
1.109279e-09
-9.534140e-10
1.081651e-09
9.079937e-10
-9.819459e-10
1.022843e-09
9.642079e-10
8.711362e-10
8.839123e-10
-8.814645e-10
9.754092e-10
-1.119451e-09
-8.488497e-10
1.179021e-09
-7.582946e-10
1.189579e-09
9.673845e-10
1.116576e-09
-9.035506e-10
-1.149213e-09
-1.039356e-09
-9.927537e-10
-1.054178e-09
1.017286e-09
-6.517705e-10
1.100314e-09
-9.868684e-10
-8.131567e-10
-1.088939e-09
-1.276745e-09
-6.844068e-10
-1.086209e-09
9.034006e-10
1.199738e-09
-9.937967e-10
-1.029747e-09
-7.349785e-10
8.896033e-10
1.062345e-09
-7.821667e-10
1.329750e-09
1.063373e-09
1.294899e-09
-1.132732e-09
-8.585267e-10
6.994804e-10
-1.067912e-09
-1.023118e-09
1.022530e-09
1.230127e-09
-8.649090e-10
-9.207947e-10
1.137713e-09
-1.107851e-09
-1.313386e-09
-1.151962e-09
1.036363e-09
1.343634e-09
-1.294061e-09
-8.657021e-10
-1.122867e-09
6.898524e-10
-1.250132e-09
-7.355999e-10
9.683404e-10
-5.162862e-10
-1.070502e-09
-1.088727e-09
1.057208e-09
6.869705e-10
-8.711318e-10
-1.101038e-09
-6.394791e-10
-1.201490e-09
-1.166632e-09
5.542056e-10
-1.252108e-09
-1.094984e-09
-1.165738e-09
-1.137642e-09
-1.176015e-09
1.337232e-09
1.071377e-09
-1.144883e-09
8.125287e-10
-9.364891e-10
-1.145797e-09
7.685446e-10
8.560349e-10
-9.774807e-10
-1.012608e-09
-1.040643e-09
9.345630e-10
8.248009e-10
6.007167e-10
-1.114483e-09
-1.132186e-09
-7.820401e-10
-9.290856e-10
9.646725e-10
7.935762e-10
8.920442e-10
4.524818e-10
-9.597913e-10
-9.306678e-10
7.484505e-10
-1.038553e-09
6.771237e-10
9.379555e-10
1.187009e-09
1.096328e-09
9.964395e-10
7.485619e-10
-7.268250e-10
8.757049e-10
1.052104e-09
-1.003699e-09
-3.815793e-10
8.542081e-10
-1.271782e-09
-6.506122e-10
-8.778998e-10
1.095878e-09
-8.719055e-10
-1.015155e-09
1.364127e-09
-1.064669e-09
-8.646415e-10
1.056522e-09
-1.125739e-09
6.569345e-10
-1.285748e-09
-1.418334e-09
-1.041082e-09
-9.158613e-10
-9.022282e-10
-1.055386e-09
-1.118844e-09
1.070755e-09
-7.866989e-10
9.111940e-10
-8.887757e-10
1.325736e-09
8.816950e-10
-1.047649e-09
-1.077927e-09
-1.064590e-09
-7.602097e-10
-1.103369e-09
-1.036915e-09
1.599525e-09
-1.100926e-09
-8.824720e-10
-1.126902e-09
8.532117e-10
-9.388550e-10
7.817638e-10
1.048873e-09
1.015797e-09
-1.024944e-09
-9.262116e-10
-1.159191e-09
8.333918e-10
-1.027346e-09
-8.502260e-10
-1.317418e-09
-1.027276e-09
-7.553639e-10
1.070079e-09
9.837171e-10
1.063029e-09
6.971648e-10
-7.192942e-10
1.061800e-09
-8.549692e-10
-1.002711e-09
6.692311e-10
7.974052e-10
-1.341290e-09
-6.946734e-10
8.572220e-10
9.696865e-10
-1.057103e-09
-1.056774e-09
-8.065195e-10
1.255810e-09
-1.030458e-09
1.070853e-09
-8.703363e-10
-7.836028e-10
-9.062058e-10
-9.841097e-10
6.519523e-10
8.999100e-10
-1.155956e-09
-8.351335e-10
1.043852e-09
1.194538e-09
-1.235138e-09
1.274915e-09
-9.823848e-10
-1.142780e-09
-1.225381e-09
1.203970e-09
1.005697e-09
8.665672e-10
-9.012923e-10
-1.103042e-09
-1.315603e-09
-7.570232e-10
-8.094156e-10
8.315955e-10
-1.072002e-09
-9.087376e-10
7.947379e-10
-1.232153e-09
-8.693864e-10
-6.739945e-10
-7.000892e-10
-8.671046e-10
-7.544860e-10
9.267229e-10
8.898035e-10
1.225077e-09
-1.044060e-09
-1.026383e-09
-1.079044e-09
-9.753252e-10
-6.970628e-10
1.070045e-09
-9.869510e-10
-8.861332e-10
-1.145756e-09
-1.167978e-09
-7.586579e-10
-9.293679e-10
9.402092e-10
-1.004559e-09
-8.213462e-10
-6.983796e-10
-1.237357e-09
1.258111e-09
-1.015709e-09
-9.622983e-10
-1.129639e-09
9.593345e-10
-7.176090e-10
-8.076107e-10
1.110000e-09
5.824294e-10
9.649702e-10
-8.235000e-10
-9.235373e-10
-9.216460e-10
1.127483e-09
-8.578903e-10
-1.205421e-09
-1.236251e-09
-1.393662e-09
1.170478e-09
9.632313e-10
-9.834649e-10
-1.190138e-09
-8.682843e-10
1.322483e-09
-7.882716e-10
-9.680963e-10
-7.478776e-10
-1.163148e-09
-8.770388e-10
-1.218924e-09
-1.437213e-09
8.889141e-10
5.056608e-10
1.073883e-09
-1.097410e-09
-9.910130e-10
-6.891807e-10
-1.076064e-09
-1.138256e-09
1.008436e-09
-8.281623e-10
-6.063872e-10
8.209180e-10
9.866996e-10
8.671005e-10
9.890130e-10
-9.313479e-10
-6.224243e-10
-1.124903e-09
-1.104029e-09
-9.439506e-10
9.127001e-10
-1.230801e-09
1.235169e-09
-9.000925e-10
-6.285628e-10
-7.999292e-10
-9.904502e-10
-1.049362e-09
-6.742425e-10
-9.741243e-10
6.403716e-10
1.051505e-09
-9.965088e-10
-1.098371e-09
7.643297e-10
-1.011308e-09
-6.890857e-10
-6.092931e-10
1.175535e-09
-9.572989e-10
1.155260e-09
9.511748e-10
1.432864e-09
5.745690e-10
-1.011747e-09
-1.004277e-09
-6.687073e-10
1.272749e-09
6.848618e-10
9.274115e-10
-1.061107e-09
7.066780e-10
1.233925e-09
-6.373946e-10
-7.734308e-10
9.412268e-10
-1.311072e-09
9.830489e-10
1.018413e-09
1.130876e-09
-1.051032e-09
-9.036432e-10
6.939883e-10
1.229577e-09
-1.222330e-09
-8.948148e-10
-1.255919e-09
-1.259288e-09
1.129328e-09
-9.377001e-10
-1.079436e-09
-9.492767e-10
-7.384732e-10
1.287835e-09
1.001991e-09
1.234272e-09
1.342312e-09
1.190341e-09
-9.393306e-10
-1.045397e-09
-1.218694e-09
-1.072004e-09
-5.714080e-10
-8.806677e-10
-8.775026e-10
-8.817483e-10
-8.079943e-10
-1.137762e-09
8.586756e-10
-7.281132e-10
7.911325e-10
9.474928e-10
-9.279296e-10
1.002380e-09
1.008950e-09
8.661104e-10
1.007011e-09
1.288958e-09
-1.358826e-09
1.119812e-09
-7.828205e-10
1.291085e-09
-1.513743e-09
-1.105244e-09
-1.261615e-09
1.072530e-09
-8.962836e-10
-7.368402e-10
-1.589435e-09
-1.137114e-09
-9.166265e-10
-8.970622e-10
-9.589187e-10
7.118697e-10
1.125492e-09
1.183815e-09
-1.107091e-09
-7.468212e-10
-1.288206e-09
-1.271053e-09
-1.131689e-09
-1.069828e-09
1.059869e-09
-8.171808e-10
-1.343093e-09
1.075150e-09
-8.548110e-10
-1.054944e-09
1.422006e-09
-7.536378e-10
-9.952194e-10
-8.257246e-10
-1.349658e-09
-8.881310e-10
-6.208968e-10
9.606935e-10
-1.000036e-09
7.259576e-10
9.865911e-10
-8.762783e-10
-7.075487e-10
-8.902734e-10
-1.297946e-09
9.702881e-10
-1.238948e-09
-1.372569e-09
9.301138e-10
1.093414e-09
1.060141e-09
-1.330730e-09
8.708418e-10
9.607633e-10
-8.505557e-10
-1.272937e-09
-1.123201e-09
9.228025e-10
-1.121362e-09
-1.208294e-09
-9.818447e-10
1.019247e-09
-9.093449e-10
7.627808e-10
8.474026e-10
-9.711180e-10
1.270215e-09
-1.034646e-09
-1.288405e-09
-1.268471e-09
-1.043425e-09
-1.223690e-09
9.900987e-10
-9.566405e-10
-7.805839e-10
9.753779e-10
1.149887e-09
5.367547e-10
9.739133e-10
8.044657e-10
-1.024934e-09
-1.276940e-09
-1.115453e-09
7.904386e-10
6.817215e-10
1.108517e-09
-1.090153e-09
-8.358707e-10
-9.672661e-10
-1.102219e-09
-1.403114e-09
1.003188e-09
-9.298724e-10
-7.398411e-10
-9.133891e-10
-1.064485e-09
-8.798365e-10
-1.030023e-09
-1.381000e-09
1.033183e-09
1.026750e-09
-8.902652e-10
6.604915e-10
-7.745593e-10
-7.123713e-10
9.604800e-10
-7.855413e-10
-9.899581e-10
-1.176039e-09
8.965520e-10
-8.158712e-10
-8.272878e-10
1.275891e-09
-1.080544e-09
8.510442e-10
-1.033780e-09
6.584402e-10
9.714782e-10
1.151404e-09
1.052071e-09
-6.485685e-10
8.559125e-10
-1.042320e-09
-1.325234e-09
-8.902276e-10
-6.383641e-10
-1.050228e-09
-1.178264e-09
-1.103656e-09
-1.113581e-09
-5.057346e-10
9.993484e-10
1.043792e-09
-9.495947e-10
-7.827229e-10
-1.006689e-09
-1.124238e-09
-8.429148e-10
-1.185997e-09
-1.033821e-09
9.182090e-10
-1.044678e-09
-1.115672e-09
-9.378780e-10
1.132202e-09
1.311465e-09
1.053694e-09
-7.808266e-10
-1.139378e-09
-1.001976e-09
-9.914569e-10
9.981542e-10
-1.053644e-09
1.322781e-09
-9.668229e-10
-1.141540e-09
1.094466e-09
1.202188e-09
-1.376128e-09
1.517145e-09
1.106173e-09
1.456712e-09
-1.116680e-09
-1.169266e-09
-1.059978e-09
1.002074e-09
-7.596968e-10
-7.353240e-10
-7.970423e-10
-1.148311e-09
-1.104634e-09
-1.063388e-09
-1.172831e-09
-1.106462e-09
-7.641609e-10
-1.150673e-09
-1.062921e-09
1.067033e-09
1.093164e-09
-9.368800e-10
-1.414897e-09
-1.009913e-09
-8.810282e-10
9.052671e-10
1.073490e-09
8.260890e-10
-1.015154e-09
8.499706e-10
-1.139258e-09
1.126724e-09
-1.025372e-09
1.062991e-09
-6.950824e-10
-7.255384e-10
-9.230300e-10
-9.685031e-10
1.050815e-09
-9.345172e-10
1.147547e-09
1.092457e-09
1.090729e-09
-9.123975e-10
9.036107e-10
9.239349e-10
-7.934494e-10
1.166103e-09
-1.306392e-09
8.288525e-10
-7.730338e-10
-1.009093e-09
-1.006078e-09
7.545139e-10
-8.677061e-10
1.105246e-09
-1.046903e-09
-1.051502e-09
-1.158856e-09
-9.054093e-10
-1.203502e-09
-8.727618e-10
9.268690e-10
1.073968e-09
-1.117300e-09
1.196932e-09
8.044840e-10
-6.294122e-10
-9.798451e-10
9.905867e-10
1.007204e-09
1.094425e-09
1.215304e-09
1.315132e-09
-6.929932e-10
8.469621e-10
1.120720e-09
-9.651823e-10
9.827102e-10
7.923596e-10
-1.233953e-09
-1.107310e-09
-8.469370e-10
-1.061847e-09
-1.141135e-09
-9.926159e-10
1.359760e-09
1.220212e-09
1.061442e-09
-1.050887e-09
-8.788323e-10
-1.209488e-09
1.092543e-09
-1.487080e-09
7.649372e-10
-8.943306e-10
1.160930e-09
-8.712656e-10
1.277039e-09
-1.084619e-09
8.196594e-10
5.138896e-10
-1.103229e-09
1.088379e-09
-7.944085e-10
-1.320010e-09
-9.799274e-10
9.879992e-10
8.962990e-10
9.313672e-10
1.074212e-09
-1.124470e-09
-1.009047e-09
8.668016e-10
-8.535127e-10
-1.129193e-09
-1.024326e-09
1.129574e-09
-8.972315e-10
-9.056250e-10
-7.863039e-10
-8.146538e-10
1.155293e-09
8.110348e-10
-1.193788e-09
6.205853e-10
-7.089452e-10
-9.209214e-10
-7.983970e-10
8.340270e-10
-1.122958e-09
-1.017006e-09
-8.538559e-10
-7.903435e-10
-7.534211e-10
-6.696241e-10
-1.002523e-09
8.409711e-10
1.000826e-09
9.137590e-10
-9.353356e-10
-1.136038e-09
-1.135103e-09
-1.030084e-09
-8.862698e-10
-1.058566e-09
-6.563067e-10
-1.124333e-09
9.421141e-10
-9.892702e-10
-8.130338e-10
-1.140054e-09
9.878851e-10
1.203341e-09
1.279560e-09
-1.036335e-09
-9.531294e-10
1.088438e-09
-1.090476e-09
1.096455e-09
-1.166917e-09
-1.149996e-09
-1.115865e-09
-9.499025e-10
-8.673505e-10
9.351617e-10
5.690196e-10
9.966594e-10
-1.089713e-09
1.257816e-09
8.068266e-10
-9.310981e-10
-7.758153e-10
9.838136e-10
1.039718e-09
1.094155e-09
-9.273784e-10
-1.017602e-09
1.289542e-09
-9.693471e-10
8.635216e-10
9.539392e-10
1.267800e-09
-9.099904e-10
-8.174254e-10
1.092943e-09
-9.991150e-10
-1.094512e-09
-9.925859e-10
6.820848e-10
1.297553e-09
-7.871424e-10
1.037414e-09
-1.317864e-09
-8.804140e-10
6.818092e-10
1.067210e-09
9.886687e-10
-1.341541e-09
-1.207077e-09
1.315037e-09
1.381059e-09
1.040338e-09
-9.543609e-10
-7.849269e-10
1.229807e-09
-9.393959e-10
-1.280230e-09
9.821716e-10
1.248538e-09
-1.046452e-09
-8.501217e-10
8.768264e-10
-6.641465e-10
-9.975485e-10
-1.144698e-09
-1.463392e-09
-8.170960e-10
-1.145566e-09
-1.234109e-09
7.068205e-10
8.387897e-10
-1.262660e-09
-1.215107e-09
-9.761478e-10
-9.895486e-10
-7.578913e-10
-1.264568e-09
-1.147782e-09
7.074183e-10
-9.497017e-10
-1.042779e-09
4.497733e-10
1.225871e-09
-1.009994e-09
1.082680e-09
-9.564312e-10
-8.622140e-10
-7.097054e-10
-1.032854e-09
1.437266e-09
-6.682302e-10
-1.116676e-09
-7.598900e-10
-8.868660e-10
-7.399721e-10
-1.152052e-09
1.165364e-09
1.216908e-09
-7.815458e-10
6.617698e-10
-1.027730e-09
1.261624e-09
-6.195862e-10
-1.060121e-09
-1.045860e-09
-1.242149e-09
7.061378e-10
-1.068330e-09
8.722641e-10
-1.128743e-09
8.235367e-10
-1.220759e-09
-9.182541e-10
-8.790415e-10
7.310806e-10
1.271539e-09
-1.194569e-09
9.243629e-10
-1.272929e-09
1.224949e-09
9.758501e-10
7.292460e-10
-1.193961e-09
9.467782e-10
1.115119e-09
-1.014275e-09
7.536120e-10
1.215070e-09
9.127030e-10
-1.097754e-09
8.805290e-10
-8.704119e-10
1.326010e-09
-1.083482e-09
1.199564e-09
1.103271e-09
-1.421910e-09
-9.098941e-10
-1.148439e-09
7.610547e-10
-1.132308e-09
9.160597e-10
-8.628191e-10
-6.953907e-10
-8.118576e-10
-7.073088e-10
8.244674e-10
-1.073379e-09
1.046910e-09
-7.035308e-10
-1.472034e-09
1.196030e-09
8.496154e-10
-1.306888e-09
1.120923e-09
-5.979161e-10
-1.050280e-09
-9.572697e-10
-9.247515e-10
1.151871e-09
8.242926e-10
9.109059e-10
1.174926e-09
-7.361038e-10
-1.090021e-09
7.920986e-10
7.741867e-10
-1.050086e-09
-8.975833e-10
1.159765e-09
-1.131445e-09
-1.402445e-09
-1.171651e-09
1.008003e-09
-8.991076e-10
-1.087453e-09
-1.350750e-09
-9.474076e-10
7.378280e-10
-9.808546e-10
1.091931e-09
7.588025e-10
7.305540e-10
1.085423e-09
-9.733068e-10
9.234657e-10
-1.114739e-09
-9.773786e-10
-8.173159e-10
9.628974e-10
8.485844e-10
-1.168154e-09
1.031590e-09
-7.156536e-10
-7.744922e-10
-1.142439e-09
-6.871915e-10
-9.902463e-10
5.918848e-10
1.206065e-09
-1.047650e-09
-1.086647e-09
8.532284e-10
1.048455e-09
1.109353e-09
-1.245393e-09
1.161066e-09
-1.090095e-09
1.206202e-09
-1.111145e-09
8.366460e-10
-9.327332e-10
-8.609714e-10
-7.365230e-10
1.488678e-09
-1.065505e-09
-1.159076e-09
8.245809e-10
-1.253979e-09
5.065296e-10
-1.194119e-09
1.003616e-09
9.789863e-10
-1.000446e-09
-1.317386e-09
-5.076807e-10
-8.898683e-10
-7.051835e-10
1.061802e-09
-1.373960e-09
-6.306480e-10
-1.379729e-09
1.010883e-09
5.345224e-10
1.108645e-09
-1.391228e-09
-9.722424e-10
1.042310e-09
7.896958e-10
-8.673453e-10
-9.689679e-10
-1.257614e-09
-9.951907e-10
1.009614e-09
-8.551504e-10
8.457869e-10
9.137480e-10
-1.005954e-09
-7.307878e-10
7.971201e-10
7.681203e-10
-9.486430e-10
1.249815e-09
-8.050988e-10
1.105584e-09
5.544362e-10
1.127666e-09
1.088908e-09
1.063240e-09
1.078165e-09
-1.117071e-09
1.158801e-09
-1.013606e-09
8.565000e-10
-5.661130e-10
5.858141e-10
-7.905844e-10
-1.088665e-09
-1.202492e-09
-9.228572e-10
-7.305698e-10
-1.019578e-09
-8.411483e-10
6.846171e-10
8.093792e-10
7.611203e-10
-7.052472e-10
-1.001201e-09
-7.788563e-10
-1.086442e-09
-8.590131e-10
-1.043811e-09
-8.465666e-10
-1.269413e-09
8.452972e-10
-8.027581e-10
-1.069540e-09
1.294696e-09
6.943687e-10
-1.039052e-09
1.218424e-09
-6.062742e-10
9.706083e-10
-1.130683e-09
-7.714285e-10
6.119592e-10
-7.658949e-10
-1.080977e-09
-6.915245e-10
-1.032028e-09
1.003384e-09
-1.086192e-09
-1.000613e-09
-1.446128e-09
-9.065934e-10
-9.342904e-10
-8.328302e-10
-1.086298e-09
-1.171733e-09
-6.662947e-10
1.282998e-09
-1.273184e-09
8.854881e-10
9.751124e-10
7.647480e-10
-1.115874e-09
7.786883e-10
9.233274e-10
1.120574e-09
-7.137349e-10
-1.405899e-09
1.155589e-09
1.252746e-09
-1.120142e-09
-9.790128e-10
-7.970903e-10
9.463899e-10
-9.924434e-10
9.702357e-10
-1.144127e-09
-8.949084e-10
1.234429e-09
9.190941e-10
-1.078009e-09
-1.125727e-09
1.340019e-09
-9.390299e-10
-1.245138e-09
8.386512e-10
-8.964476e-10
-1.008335e-09
-9.291345e-10
-1.157139e-09
-9.888453e-10
8.629271e-10
-9.731673e-10
-9.200803e-10
6.998928e-10
8.440259e-10
-1.148192e-09
-1.102699e-09
-9.880238e-10
9.590650e-10
-1.041342e-09
9.184051e-10
-8.307121e-10
1.114201e-09
-9.978127e-10
9.756094e-10
-7.767168e-10
-1.161827e-09
1.130794e-09
-9.670035e-10
8.271211e-10
-7.550293e-10
-1.268397e-09
9.758990e-10
1.221729e-09
-8.080306e-10
-1.573382e-09
9.278347e-10
1.228880e-09
-1.382458e-09
-1.278089e-09
9.504325e-10
-1.198944e-09
-1.032099e-09
-9.339884e-10
9.121673e-10
-5.469618e-10
-9.325039e-10
8.983399e-10
8.871904e-10
-8.155108e-10
-8.944117e-10
-1.218929e-09
-1.017279e-09
1.223734e-09
1.090344e-09
-1.137309e-09
-7.357969e-10
1.203126e-09
-8.225856e-10
-1.074158e-09
-1.219141e-09
-1.182863e-09
4.945688e-10
-8.327821e-10
9.248153e-10
1.210240e-09
-1.253934e-09
-9.819742e-10
-7.282129e-10
-1.073944e-09
1.108739e-09
-8.778479e-10
-6.958891e-10
-8.478835e-10
1.253501e-09
-1.038443e-09
-5.391014e-10
-7.185840e-10
7.335094e-10
9.102646e-10
-9.041881e-10
-8.485685e-10
-8.718771e-10
-1.164567e-09
-9.948059e-10
-1.126682e-09
1.025459e-09
-1.260918e-09
1.086041e-09
1.008109e-09
1.086841e-09
7.757395e-10
8.657051e-10
9.890569e-10
9.076948e-10
7.274633e-10
-1.048557e-09
-9.151839e-10
-9.262649e-10
1.360885e-09
-1.221930e-09
-7.920242e-10
-7.838094e-10
-5.492753e-10
7.744868e-10
9.915301e-10
-1.113564e-09
-7.483756e-10
-7.827314e-10
-8.403451e-10
-9.499824e-10
-8.971666e-10
9.519789e-10
9.609506e-10
-9.973737e-10
1.045655e-09
-1.018339e-09
1.207268e-09
9.633975e-10
1.127959e-09
-7.746787e-10
-1.267124e-09
-9.825357e-10
9.529313e-10
8.717235e-10
-9.232440e-10
-1.011732e-09
-1.113778e-09
-1.140986e-09
1.135727e-09
-7.159464e-10
-1.450947e-09
-9.434459e-10
-1.281655e-09
-7.815047e-10
6.023076e-10
7.526549e-10
-1.448383e-09
-7.420865e-10
-9.305361e-10
-1.221021e-09
1.172414e-09
1.419099e-09
-7.514753e-10
1.071082e-09
8.241990e-10
1.033982e-09
1.221069e-09
7.468309e-10
-1.028669e-09
-1.119130e-09
1.591612e-09
-1.106485e-09
8.682235e-10
-1.153973e-09
-1.130690e-09
-9.250714e-10
8.769300e-10
-1.341769e-09
9.681014e-10
1.165433e-09
-7.683620e-10
9.141618e-10
9.920679e-10
1.101359e-09
-1.019641e-09
1.159112e-09
-1.205957e-09
-8.246267e-10
1.154972e-09
9.545634e-10
-8.384296e-10
-7.454540e-10
1.355723e-09
-1.118002e-09
-9.547721e-10
9.490594e-10
1.320912e-09
-1.139172e-09
8.101007e-10
9.098424e-10
6.499978e-10
8.826813e-10
7.954058e-10
-1.088494e-09
-7.479287e-10
8.124640e-10
1.144939e-09
-1.002800e-09
-1.306453e-09
1.287471e-09
-1.164126e-09
-9.388150e-10
-9.306832e-10
-1.022589e-09
-8.815585e-10
1.270637e-09
-9.765668e-10
1.143674e-09
-9.769369e-10
7.052805e-10
-9.478626e-10
-5.992561e-10
-1.234886e-09
8.806959e-10
1.068726e-09
1.310492e-09
-8.966126e-10
-9.788264e-10
-1.101322e-09
-7.171707e-10
-9.848980e-10
-1.117978e-09
-1.156791e-09
-8.999433e-10
-1.155327e-09
8.847201e-10
8.826449e-10
7.771162e-10
-1.130796e-09
-1.122999e-09
-1.260938e-09
-8.053036e-10
7.943867e-10
-1.306193e-09
8.751279e-10
-6.951056e-10
1.193890e-09
-1.102332e-09
1.530718e-09
-9.561849e-10
-7.834505e-10
9.818695e-10
-6.911448e-10
8.116491e-10
-9.714700e-10
8.793358e-10
-7.589545e-10
-8.167047e-10
-9.776816e-10
-7.942998e-10
-9.373852e-10
-9.746332e-10
8.108810e-10
1.176842e-09
-9.684063e-10
9.328868e-10
-8.298826e-10
6.232035e-10
7.220744e-10
1.272872e-09
1.279367e-09
1.113528e-09
-9.209281e-10
1.008503e-09
-1.014771e-09
9.458053e-10
1.155516e-09
-9.397468e-10
1.046331e-09
1.270079e-09
-1.400191e-09
1.044101e-09
8.147180e-10
-9.416396e-10
-1.156792e-09
1.113007e-09
1.173030e-09
-7.704232e-10
-1.010863e-09
1.092823e-09
-8.446618e-10
7.986164e-10
-5.641026e-10
7.874574e-10
9.840707e-10
-7.615725e-10
-1.227210e-09
-1.196083e-09
-1.511042e-09
-7.915543e-10
1.014956e-09
-1.100599e-09
-1.045711e-09
-6.949863e-10
-1.172618e-09
-8.421932e-10
-8.610433e-10
-9.617450e-10
-1.407333e-09
-9.466908e-10
1.168062e-09
-1.117880e-09
-9.673052e-10
-8.314795e-10
-9.602311e-10
1.458419e-09
7.775829e-10
-1.163570e-09
1.127485e-09
-6.771681e-10
1.161891e-09
-1.010602e-09
-9.863538e-10
-4.408151e-10
-1.321799e-09
-9.622208e-10
1.159879e-09
-1.309353e-09
8.908834e-10
-8.608194e-10
1.147215e-09
7.336501e-10
9.504145e-10
-1.417548e-09
9.889826e-10
-9.891659e-10
-1.216433e-09
-1.591896e-09
-1.117131e-09
-1.104911e-09
-1.101341e-09
1.450247e-09
-6.171812e-10
8.980644e-10
9.667127e-10
-1.227629e-09
-1.038522e-09
-1.417483e-09
1.482517e-09
-1.198517e-09
-6.249538e-10
-9.530591e-10
1.121385e-09
8.888899e-10
-7.433818e-10
7.296060e-10
-1.328835e-09
-6.471642e-10
9.398579e-10
9.922384e-10
-1.115481e-09
1.057743e-09
1.262037e-09
-8.346083e-10
8.302501e-10
1.014904e-09
6.696230e-10
-8.939849e-10
-1.084730e-09
-1.088309e-09
1.002670e-09
-1.072918e-09
-1.203763e-09
1.106550e-09
1.036531e-09
-1.179903e-09
-1.321986e-09
-1.066032e-09
-1.206091e-09
-1.223951e-09
9.242506e-10
-1.095731e-09
6.471502e-10
-1.052491e-09
-5.365162e-10
-1.261865e-09
-9.739397e-10
-9.747992e-10
-1.250962e-09
-1.282911e-09
1.319899e-09
1.114663e-09
1.141456e-09
1.133036e-09
8.653547e-10
-1.363196e-09
-1.012839e-09
1.335233e-09
-1.483618e-09
-1.103797e-09
-8.415694e-10
-1.017485e-09
-9.713570e-10
1.202809e-09
-1.039922e-09
-9.738364e-10
-1.166024e-09
-9.192926e-10
-1.448731e-09
-5.807042e-10
1.120216e-09
-8.282163e-10
-1.048870e-09
-9.901666e-10
1.254993e-09
-8.587606e-10
-9.026755e-10
1.331840e-09
-1.060167e-09
5.739139e-10
2.833785e-10
-9.039316e-10
-1.038125e-09
1.142275e-09
-5.839477e-10
6.066615e-10
1.160524e-09
8.410974e-10
-7.661488e-10
-9.148015e-10
7.404647e-10
-7.556656e-10
9.477209e-10
-1.026876e-09
8.381951e-10
1.080143e-09
-9.294877e-10
-1.063173e-09
9.886339e-10
-9.377050e-10
-8.489847e-10
-1.256630e-09
1.057829e-09
-8.979603e-10
-1.247754e-09
-1.251407e-09
9.721653e-10
8.183761e-10
8.705505e-10
-1.211298e-09
-8.098940e-10
1.177644e-09
1.017954e-09
-9.130785e-10
9.525686e-10
1.260302e-09
-1.384910e-09
9.208191e-10
-1.307309e-09
8.780357e-10
-8.493394e-10
1.028287e-09
-7.956581e-10
-1.104122e-09
7.727515e-10
-1.052913e-09
-1.017542e-09
-9.633456e-10
-1.170901e-09
-9.113421e-10
7.916722e-10
-8.336486e-10
1.208129e-09
7.942188e-10
-1.148851e-09
1.199490e-09
1.173541e-09
-1.199152e-09
-7.526849e-10
1.486847e-09
9.924951e-10
-8.585741e-10
-1.216266e-09
-9.604502e-10
-1.233061e-09
-1.005973e-09
-8.198422e-10
1.134704e-09
-1.276768e-09
6.620933e-10
-8.337073e-10
-1.197099e-09
6.397293e-10
1.337298e-09
-9.535054e-10
-9.067105e-10
-1.273306e-09
1.085461e-09
-1.141830e-09
-1.011655e-09
9.096383e-10
-9.329526e-10
-1.333920e-09
7.521255e-10
1.019247e-09
-9.498191e-10
-1.046010e-09
-9.206290e-10
-1.096872e-09
-9.839416e-10
-6.817747e-10
-1.155463e-09
8.163023e-10
-1.371612e-09
1.168511e-09
-7.047053e-10
1.197434e-09
-1.043502e-09
-1.277885e-09
8.738264e-10
7.919390e-10
8.050709e-10
-8.701566e-10
1.033361e-09
-1.032070e-09
-8.443511e-10
-1.417532e-09
-1.460831e-09
-1.177207e-09
-9.862421e-10
1.464885e-09
-7.529348e-10
1.015994e-09
-7.157711e-10
1.057917e-09
-1.107078e-09
-1.046206e-09
1.083538e-09
-8.466288e-10
-1.203427e-09
-9.216050e-10
9.557841e-10
9.491462e-10
1.110117e-09
1.208276e-09
-7.913075e-10
-9.471646e-10
-1.068436e-09
6.263450e-10
-9.710365e-10
-8.019815e-10
7.022820e-10
-1.279563e-09
1.021486e-09
1.051019e-09
-1.047124e-09
-8.217164e-10
-8.107259e-10
-7.533281e-10
-1.252944e-09
-9.979338e-10
-7.101624e-10
-8.930757e-10
-1.118635e-09
1.154804e-09
-6.801748e-10
1.060905e-09
-9.571151e-10
1.087288e-09
6.488797e-10
-7.237145e-10
-8.849029e-10
7.904319e-10
-1.299942e-09
-8.191858e-10
8.132640e-10
-1.222063e-09
-1.075255e-09
1.030430e-09
8.833305e-10
-1.055867e-09
8.887909e-10
8.978793e-10
-7.654759e-10
-6.266431e-10
9.233724e-10
-9.341372e-10
6.644698e-10
-1.242751e-09
-7.200235e-10
8.142423e-10
-1.196672e-09
3.736065e-10
1.072005e-09
1.003453e-09
1.139840e-09
-1.051484e-09
1.020414e-09
-9.029195e-10
-1.329868e-09
7.936487e-10
-9.374283e-10
7.774858e-10
8.003476e-10
1.030131e-09
8.337063e-10
-8.958202e-10
-1.088195e-09
1.006945e-09
9.335581e-10
5.055388e-10
-1.179192e-09
-5.896192e-10
7.443809e-10
-1.548948e-09
1.026040e-09
-1.022365e-09
8.360932e-10
-6.769564e-10
-1.196001e-09
1.338778e-09
5.556707e-10
-9.262065e-10
1.082750e-09
9.697614e-10
7.000961e-10
-1.020497e-09
-1.227108e-09
1.111975e-09
-1.361177e-09
1.192290e-09
-8.160243e-10
7.501998e-10
-7.525815e-10
1.311815e-09
-8.644230e-10
1.071986e-09
9.151306e-10
1.032135e-09
1.080733e-09
9.220583e-10
8.121615e-10
1.199218e-09
-1.280631e-09
-7.633267e-10
7.423748e-10
-9.224752e-10
-1.011163e-09
1.147788e-09
9.950129e-10
8.064619e-10
-6.359502e-10
-1.063760e-09
1.118384e-09
-9.562957e-10
1.057617e-09
5.591654e-10
-9.354878e-10
-1.058507e-09
8.716983e-10
-1.212530e-09
1.231396e-09
8.247386e-10
-1.187406e-09
-7.396159e-10
-8.591140e-10
1.021476e-09
-1.091919e-09
-1.320320e-09
7.677018e-10
1.446692e-09
-7.749527e-10
-1.053225e-09
1.040801e-09
7.187116e-10
1.033353e-09
-1.030167e-09
1.214325e-09
-9.465631e-10
-9.932615e-10
6.645467e-10
-1.123815e-09
-9.221149e-10
-1.000657e-09
-9.820119e-10
-1.369967e-09
1.219059e-09
-1.053980e-09
-7.123863e-10
1.005441e-09
-9.098767e-10
-1.221541e-09
1.341113e-09
1.059090e-09
7.890498e-10
-7.615562e-10
9.575574e-10
1.299835e-09
-6.538014e-10
-1.251438e-09
-1.079052e-09
-7.330322e-10
9.192136e-10
-1.120183e-09
1.124202e-09
-1.120694e-09
8.835540e-10
9.790169e-10
-1.200061e-09
-9.423810e-10
6.651852e-10
-1.350846e-09
1.077221e-09
-1.487315e-09
-8.752177e-10
-9.928474e-10
-1.193314e-09
1.032857e-09
8.284479e-10
9.196106e-10
-9.255124e-10
-1.091952e-09
3.237775e-10
1.193533e-09
8.076807e-10
8.358702e-10
8.899277e-10
1.097052e-09
1.279147e-09
-6.239960e-10
-1.099184e-09
8.804848e-10
-7.810359e-10
-7.096795e-10
8.517553e-10
-1.045399e-09
-8.856333e-10
1.008263e-09
8.024991e-10
1.424289e-09
-1.121852e-09
1.127476e-09
1.236734e-09
-9.990572e-10
-1.191502e-09
9.843012e-10
1.147747e-09
1.218702e-09
9.726230e-10
-9.509231e-10
-8.941373e-10
1.125351e-09
1.250764e-09
1.197030e-09
-1.198114e-09
8.819006e-10
-1.088540e-09
-8.955668e-10
-1.324531e-09
1.052181e-09
-8.501287e-10
-1.081614e-09
-1.020833e-09
-1.175030e-09
-8.674009e-10
-8.372037e-10
1.000432e-09
-1.105215e-09
1.012484e-09
-8.074155e-10
7.339201e-10
9.273417e-10
1.264357e-09
-9.560806e-10
-1.137497e-09
1.306754e-09
6.736318e-10
-1.061177e-09
-9.329221e-10
1.013913e-09
-8.650972e-10
8.424748e-10
9.161527e-10
1.275349e-09
8.086206e-10
9.079353e-10
-1.152090e-09
-1.012356e-09
-8.933013e-10
1.036180e-09
-1.098026e-09
-9.863754e-10
-7.045444e-10
1.145495e-09
1.106029e-09
9.210480e-10
8.961962e-10
9.933218e-10
-1.023571e-09
7.822853e-10
-1.250118e-09
-1.094837e-09
-8.898676e-10
-1.008370e-09
-1.153010e-09
-1.224653e-09
-1.174878e-09
9.873418e-10
-1.482323e-09
-1.544050e-09
-1.001974e-09
-1.090022e-09
-9.083941e-10
1.020400e-09
-9.071870e-10
-1.231800e-09
8.683709e-10
-1.010536e-09
1.023219e-09
-5.095119e-10
-9.907709e-10
9.491371e-10
9.217889e-10
9.426793e-10
-7.082538e-10
-8.676138e-10
-7.490651e-10
-1.293863e-09
1.331683e-09
-9.727077e-10
-1.216328e-09
1.152472e-09
-9.750471e-10
-1.344504e-09
1.166802e-09
-9.897118e-10
8.300562e-10
1.218069e-09
-9.181477e-10
-1.342911e-09
-1.206877e-09
8.868174e-10
6.756915e-10
-8.358273e-10
-1.129668e-09
9.764249e-10
-1.173656e-09
-7.751464e-10
-1.013390e-09
9.905695e-10
9.507396e-10
-1.027869e-09
-7.141055e-10
-8.095887e-10
-1.041976e-09
-1.001661e-09
1.344928e-09
-8.733889e-10
-8.516244e-10
-1.008383e-09
1.000325e-09
-1.110840e-09
1.101661e-09
1.132376e-09
-9.732877e-10
-1.091215e-09
1.293552e-09
1.241199e-09
-9.734772e-10
-8.024739e-10
8.638176e-10
-1.008615e-09
-9.524198e-10
-9.380479e-10
7.868352e-10
7.567969e-10
1.083301e-09
-1.283323e-09
-1.054370e-09
1.037973e-09
-9.247668e-10
-1.012420e-09
9.510572e-10
-1.185250e-09
-8.413473e-10
1.285096e-09
-1.169990e-09
-6.475867e-10
-9.382774e-10
-1.110085e-09
8.371843e-10
9.871534e-10
-1.063441e-09
1.215880e-09
-1.379205e-09
-1.007629e-09
-8.941253e-10
9.411791e-10
-7.053169e-10
8.881232e-10
-1.104688e-09
9.177206e-10
9.777835e-10
1.249485e-09
-1.102488e-09
7.719760e-10
-1.166786e-09
-1.007270e-09
9.473059e-10
-1.080137e-09
-9.574655e-10
-1.239545e-09
-9.093112e-10
-1.228626e-09
-1.101007e-09
-8.953778e-10
9.774135e-10
9.684374e-10
-9.929831e-10
-1.121793e-09
-1.166736e-09
1.245604e-09
1.213607e-09
9.612045e-10
-7.951590e-10
9.397231e-10
1.200692e-09
-1.068731e-09
-1.157038e-09
8.843617e-10
-9.394460e-10
9.357724e-10
-1.146074e-09
1.007741e-09
-1.058924e-09
-8.064125e-10
-1.110819e-09
-9.835733e-10
-9.809939e-10
-9.696503e-10
-1.168061e-09
-1.186590e-09
-1.127632e-09
9.505439e-10
-1.180936e-09
9.663661e-10
-9.803135e-10
-1.143900e-09
1.205956e-09
-8.741440e-10
-1.033445e-09
-1.231113e-09
7.608805e-10
-7.056145e-10
-1.002836e-09
1.204004e-09
1.212680e-09
-9.261369e-10
1.164192e-09
-8.978923e-10
-7.855204e-10
1.386632e-09
6.780419e-10
1.134344e-09
-1.131342e-09
-1.371908e-09
-1.453094e-09
1.202029e-09
9.099164e-10
3.839124e-10
-1.050951e-09
-7.521221e-10
8.082416e-10
1.071381e-09
-1.106594e-09
9.563849e-10
-7.584287e-10
1.350153e-09
1.016221e-09
-1.172219e-09
-1.110790e-09
-1.040572e-09
5.926647e-10
9.768288e-10
-1.586742e-09
9.156761e-10
1.238902e-09
-1.075328e-09
1.280043e-09
9.732947e-10
-6.603379e-10
9.973549e-10
-9.974444e-10
1.049648e-09
-9.416813e-10
-1.012360e-09
-8.167082e-10
1.076728e-09
-1.146415e-09
9.858009e-10
-8.480964e-10
-9.862603e-10
-7.633669e-10
-1.189087e-09
6.408873e-10
1.022891e-09
-1.120374e-09
-1.090221e-09
8.059062e-10
1.156905e-09
-1.180379e-09
-1.107953e-09
-9.121222e-10
-8.356438e-10
-1.002788e-09
8.239939e-10
1.028293e-09
7.212361e-10
-1.048670e-09
1.160768e-09
1.065706e-09
-3.283704e-10
-1.425775e-09
-9.474018e-10
-9.189356e-10
-6.808922e-10
8.190399e-10
8.815791e-10
1.045572e-09
-7.618161e-10
1.142432e-09
-8.647427e-10
1.105084e-09
-1.069242e-09
9.861020e-10
9.962376e-10
1.006901e-09
6.823709e-10
-1.009064e-09
-9.891540e-10
1.027373e-09
-1.031891e-09
-1.120848e-09
9.292505e-10
-1.138160e-09
-1.219219e-09
1.028122e-09
-1.134162e-09
-8.828364e-10
1.219505e-09
-9.006383e-10
1.206899e-09
9.004704e-10
-1.098273e-09
1.105960e-09
-8.018838e-10
-9.361630e-10
-1.031353e-09
-8.564912e-10
9.871942e-10
1.061527e-09
1.095303e-09
-6.815960e-10
-1.165213e-09
-9.677072e-10
1.274566e-09
1.098061e-09
9.104272e-10
9.689198e-10
1.059215e-09
-6.235683e-10
8.285345e-10
-9.413433e-10
-1.073947e-09
-1.164772e-09
-1.071626e-09
-1.149207e-09
-9.160444e-10
3.504393e-10
-1.129854e-09
-8.391523e-10
-1.294866e-09
-9.728767e-10
1.157702e-09
1.214101e-09
-1.148686e-09
1.079519e-09
1.208570e-09
-8.917013e-10
1.134640e-09
-1.064271e-09
-1.059170e-09
1.200112e-09
-8.733924e-10
1.114922e-09
7.939145e-10
1.032030e-09
1.134264e-09
-6.487813e-10
-6.895998e-10
9.008360e-10
-9.584017e-10
1.098494e-09
1.239215e-09
7.233285e-10
-8.172007e-10
7.908048e-10
-1.420949e-09
9.568338e-10
-1.184690e-09
1.094736e-09
-1.316291e-09
-8.159836e-10
-8.621910e-10
9.190887e-10
9.759958e-10
1.063231e-09
-1.131244e-09
-1.205550e-09
-7.671260e-10
8.739604e-10
-1.286612e-09
-1.251003e-09
-1.071575e-09
9.724197e-10
1.111813e-09
-1.270432e-09
-1.262266e-09
-8.536669e-10
9.187424e-10
1.105932e-09
-8.951157e-10
-1.081405e-09
-8.228006e-10
5.900308e-10
1.162842e-09
-1.047688e-09
1.276943e-09
9.448788e-10
1.055821e-09
1.258418e-09
-9.265186e-10
-1.228786e-09
-1.337455e-09
-7.188838e-10
-7.437009e-10
-1.060948e-09
9.168577e-10
-1.188266e-09
9.277606e-10
1.181957e-09
-9.077110e-10
8.262425e-10
-9.168064e-10
9.409594e-10
1.074064e-09
-1.028903e-09
-1.006011e-09
-8.457542e-10
-1.318831e-09
9.698768e-10
-1.213069e-09
9.202201e-10
-1.129345e-09
9.426799e-10
-8.200274e-10
9.516752e-10
-8.260039e-10
-1.420906e-09
7.881052e-10
-7.814244e-10
8.203764e-10
1.276744e-09
-6.324191e-10
-1.144087e-09
9.101225e-10
-9.822195e-10
-1.150111e-09
-7.750977e-10
1.250870e-09
-6.957859e-10
-9.968834e-10
1.112820e-09
1.485000e-09
8.630166e-10
1.019118e-09
-9.174053e-10
-7.191519e-10
1.048870e-09
-8.122141e-10
-1.190497e-09
-9.338922e-10
1.195758e-09
-7.990164e-10
9.079766e-10
-9.578039e-10
-8.866220e-10
1.511675e-09
-1.204939e-09
7.765744e-10
-1.038927e-09
-8.924055e-10
-1.306528e-09
6.528707e-10
-6.841853e-10
1.111597e-09
9.620087e-10
-6.990246e-10
1.027995e-09
9.574360e-10
5.764730e-10
-1.047795e-09
1.132645e-09
-7.626906e-10
8.309063e-10
-6.550038e-10
9.113916e-10
1.220667e-09
1.045580e-09
-7.516525e-10
1.098721e-09
-9.443697e-10
-1.193067e-09
-1.018254e-09
-1.247219e-09
-7.568108e-10
1.046709e-09
-7.307437e-10
-1.141105e-09
1.184890e-09
-1.151648e-09
1.099840e-09
-1.085998e-09
-6.258112e-10
-8.771929e-10
-1.022921e-09
-1.018564e-09
1.123297e-09
1.046481e-09
1.033669e-09
-8.646479e-10
-1.005594e-09
-1.488225e-09
-1.266567e-09
1.113310e-09
-9.246568e-10
8.898345e-10
1.082529e-09
-9.079120e-10
-1.318405e-09
-9.438192e-10
-6.738606e-10
-1.261868e-09
-1.042906e-09
-1.107622e-09
9.399348e-10
-9.788279e-10
-7.272530e-10
-1.262449e-09
-8.441064e-10
9.416201e-10
-8.116048e-10
-1.156202e-09
8.825705e-10
1.257539e-09
6.687614e-10
-1.207193e-09
-1.180119e-09
-9.941980e-10
1.051044e-09
8.344976e-10
-6.846289e-10
1.253780e-09
1.016141e-09
8.076636e-10
-1.141101e-09
-1.297350e-09
-8.568199e-10
-7.606304e-10
7.738506e-10
6.719760e-10
-1.039914e-09
-1.050915e-09
-1.216509e-09
1.084004e-09
-8.766831e-10
-1.143258e-09
-1.039721e-09
1.086564e-09
1.046311e-09
9.624082e-10
-1.013514e-09
7.784093e-10
-1.062867e-09
-1.047971e-09
-9.942542e-10
-7.667235e-10
7.474836e-10
8.676572e-10
-8.252406e-10
-9.339151e-10
8.880366e-10
1.019857e-09
-9.169297e-10
-8.588525e-10
-6.759682e-10
-8.288858e-10
1.244769e-09
1.289066e-09
1.378317e-09
8.591106e-10
-7.843303e-10
-9.267208e-10
-9.894212e-10
-1.253887e-09
-1.228860e-09
9.856679e-10
-1.518663e-09
-1.112372e-09
-1.433849e-09
-9.396935e-10
-1.233561e-09
-7.558635e-10
-9.073351e-10
6.792676e-10
8.437053e-10
-9.269946e-10
8.655894e-10
-1.278938e-09
6.542882e-10
7.121754e-10
-7.482615e-10
-1.440956e-09
-1.094206e-09
-7.623882e-10
-8.598930e-10
-1.104532e-09
-9.512324e-10
8.290847e-10
1.320752e-09
-9.110725e-10
-1.106356e-09
-5.895078e-10
-9.642980e-10
-1.062784e-09
1.214326e-09
-8.461481e-10
1.215443e-09
-5.890148e-10
6.390052e-10
-1.091940e-09
-1.154897e-09
-9.772845e-10
1.070140e-09
8.373703e-10
9.377516e-10
-1.282016e-09
-1.019797e-09
-1.029129e-09
-8.912131e-10
-1.130736e-09
-7.918693e-10
1.102937e-09
-1.362115e-09
-9.991994e-10
1.059910e-09
-7.974338e-10
8.177440e-10
9.002046e-10
1.046805e-09
-7.176825e-10
-1.173708e-09
9.991042e-10
1.114246e-09
-1.109344e-09
1.458046e-09
1.101401e-09
-1.234622e-09
-8.522467e-10
-1.150384e-09
8.935137e-10
6.745045e-10
1.025126e-09
8.146135e-10
-8.256294e-10
-1.433597e-09
1.435781e-09
-8.351702e-10
1.192702e-09
1.185853e-09
-7.471298e-10
1.104452e-09
-9.329233e-10
9.424942e-10
9.717182e-10
-9.524760e-10
6.220478e-10
-1.283823e-09
8.909672e-10
-1.296502e-09
-1.103971e-09
6.897944e-10
6.795149e-10
7.889341e-10
1.176849e-09
1.320674e-09
5.447134e-10
1.151107e-09
9.907759e-10
-1.115745e-09
9.470427e-10
-1.367278e-09
-1.037541e-09
-1.041314e-09
-6.218321e-10
-9.518759e-10
9.336734e-10
1.413285e-09
-6.081022e-10
8.994604e-10
9.749138e-10
1.184975e-09
-6.929650e-10
-8.351011e-10
1.008713e-09
1.024066e-09
9.325475e-10
-1.166004e-09
1.106881e-09
1.069330e-09
-9.484955e-10
-9.091983e-10
8.539449e-10
-9.830732e-10
-5.348904e-10
-1.484325e-09
-7.678840e-10
9.530829e-10
-1.037522e-09
-1.018408e-09
-8.918915e-10
9.924111e-10
-8.624147e-10
-8.326097e-10
1.353831e-09
-1.123680e-09
8.469946e-10
-9.510957e-10
6.112734e-10
-7.080925e-10
-1.133179e-09
9.480415e-10
6.630378e-10
1.250125e-09
1.099375e-09
-1.113923e-09
-7.055347e-10
7.428866e-10
9.158918e-10
7.492965e-10
1.017496e-09
7.310840e-10
8.910641e-10
-9.665076e-10
-5.833627e-10
-9.174947e-10
-1.187498e-09
-1.205573e-09
-7.452866e-10
9.595553e-10
1.006252e-09
7.839751e-10
-1.079597e-09
-1.033678e-09
1.057458e-09
1.013616e-09
-1.177366e-09
1.101853e-09
-1.012075e-09
-6.069917e-10
1.178715e-09
-1.335928e-09
-9.519021e-10
-6.523763e-10
8.727278e-10
1.084500e-09
-7.602718e-10
-3.437723e-10
-1.106356e-09
-1.163843e-09
8.151139e-10
-1.109449e-09
8.202192e-10
1.130790e-09
1.069655e-09
1.127902e-09
-7.903574e-10
-1.121494e-09
9.469561e-10
9.672764e-10
-1.319428e-09
-8.743083e-10
4.287370e-10
-1.061635e-09
-1.076300e-09
-1.142121e-09
-9.428651e-10
1.064772e-09
7.538310e-10
1.098235e-09
8.465616e-10
-1.356268e-09
5.483274e-10
-8.724014e-10
-9.474531e-10
8.672653e-10
-6.062638e-10
-9.421540e-10
1.336643e-09
1.085056e-09
-1.256358e-09
-7.994869e-10
-9.627515e-10
1.094640e-09
8.489088e-10
-1.152734e-09
-7.526085e-10
8.615824e-10
1.214917e-09
7.935786e-10
-1.062596e-09
-1.057879e-09
-9.792693e-10
-9.608836e-10
-8.538679e-10
1.123311e-09
-1.093693e-09
-1.300237e-09
-8.637605e-10
-1.045053e-09
-1.007448e-09
-1.408528e-09
-1.048026e-09
7.983770e-10
-9.746679e-10
1.002854e-09
7.817155e-10
-1.039453e-09
-9.523826e-10
8.842527e-10
1.151824e-09
1.137809e-09
1.181284e-09
7.442608e-10
1.056485e-09
9.325842e-10
-1.035987e-09
-1.002935e-09
7.156095e-10
1.337732e-09
1.057582e-09
-1.043733e-09
-1.127589e-09
-1.305815e-09
-9.793138e-10
1.030437e-09
-1.006584e-09
7.812670e-10
-6.858103e-10
-9.395709e-10
-1.075258e-09
-1.160281e-09
1.014968e-09
-8.720964e-10
9.243677e-10
-8.898191e-10
-8.496858e-10
8.794555e-10
1.266886e-09
-1.109745e-09
1.041027e-09
1.060099e-09
1.360992e-09
-9.104591e-10
1.236711e-09
-1.056296e-09
9.203665e-10
8.863127e-10
9.891743e-10
-1.242065e-09
9.587292e-10
-1.136010e-09
-9.609062e-10
-9.316614e-10
8.017381e-10
-1.066420e-09
1.219245e-09
-1.027472e-09
7.781063e-10
-1.142359e-09
9.606502e-10
1.186669e-09
1.060457e-09
-1.020894e-09
-9.731562e-10
9.560285e-10
1.186731e-09
1.245423e-09
1.110925e-09
-1.024363e-09
-1.354507e-09
1.009373e-09
-7.318320e-10
1.556716e-09
8.409673e-10
9.249825e-10
1.022340e-09
-8.011384e-10
-1.154583e-09
1.123020e-09
-1.306049e-09
-9.298297e-10
1.070515e-09
-9.596925e-10
7.238936e-10
1.187731e-09
9.629804e-10
-9.476219e-10
-1.221699e-09
-9.292098e-10
-7.979599e-10
9.568651e-10
7.148229e-10
8.778667e-10
-7.619544e-10
-5.359023e-10
-1.252182e-09
-6.018076e-10
1.311727e-09
-4.565035e-10
8.391225e-10
-8.093596e-10
1.080611e-09
1.233856e-09
7.704451e-10
9.704204e-10
-1.218755e-09
-9.053528e-10
-2.784903e-10
1.059403e-09
7.720565e-10
-9.481527e-10
-1.119202e-09
-8.298593e-10
7.783151e-10
1.038170e-09
-1.069288e-09
1.033458e-09
1.061618e-09
1.245912e-09
-9.837911e-10
1.016852e-09
-1.407236e-09
8.051960e-10
-8.783890e-10
-1.626831e-09
-7.037213e-10
5.479917e-10
-9.795375e-10
1.184240e-09
1.113035e-09
9.984902e-10
-9.826902e-10
1.237322e-09
8.983439e-10
1.167870e-09
-1.353079e-09
1.243429e-09
-9.874197e-10
-1.064521e-09
-1.027099e-09
-1.017836e-09
-8.425508e-10
7.917163e-10
-1.257817e-09
8.723829e-10
-1.138725e-09
-9.687414e-10
-1.154039e-09
6.921642e-10
8.662634e-10
-7.614977e-10
1.062175e-09
-1.248824e-09
-1.229585e-09
-9.592969e-10
8.208024e-10
1.007000e-09
-9.042028e-10
1.011466e-09
8.105769e-10
-8.897637e-10
-7.442339e-10
1.432979e-09
-9.153434e-10
1.126276e-09
1.221204e-09
7.338165e-10
9.223682e-10
-9.395863e-10
-1.406307e-09
1.057667e-09
-1.002015e-09
9.392279e-10
-1.076941e-09
-7.436061e-10
-9.782294e-10
7.459403e-10
-1.290070e-09
-9.496000e-10
-1.049482e-09
-1.088890e-09
-1.194027e-09
1.345591e-09
7.902444e-10
-1.231946e-09
-8.925003e-10
-9.983001e-10
8.325100e-10
1.349434e-09
-1.097311e-09
9.614615e-10
1.311653e-09
-1.240410e-09
9.285819e-10
-1.084588e-09
-1.100429e-09
-9.702723e-10
-1.176894e-09
1.331684e-09
7.310453e-10
-8.942851e-10
-1.039114e-09
1.260412e-09
-1.131887e-09
-1.016998e-09
-6.652272e-10
-6.681669e-10
1.199147e-09
-8.783049e-10
-9.803867e-10
8.488427e-10
9.915015e-10
7.879140e-10
1.243054e-09
9.092011e-10
-1.125680e-09
7.789975e-10
-7.758903e-10
1.039982e-09
-9.011005e-10
-1.157053e-09
-6.603287e-10
-8.292642e-10
-6.646312e-10
1.358746e-09
8.061579e-10
-1.280547e-09
-1.272422e-09
-1.004640e-09
1.575843e-09
-8.659461e-10
1.132810e-09
-1.039066e-09
-1.196051e-09
9.939316e-10
6.298644e-10
-7.545962e-10
1.065292e-09
6.940521e-10
1.172568e-09
-1.205008e-09
-9.575821e-10
-6.671511e-10
-8.948011e-10
5.838215e-10
-1.108051e-09
-1.131788e-09
1.075976e-09
9.064665e-10
-9.084009e-10
-1.151391e-09
9.977674e-10
7.452987e-10
1.030842e-09
-1.046070e-09
-8.881333e-10
-1.094080e-09
-1.041931e-09
-1.034884e-09
1.176814e-09
-9.836069e-10
8.719216e-10
1.205656e-09
1.034589e-09
1.125769e-09
-1.158603e-09
-8.872649e-10
-8.555111e-10
1.471146e-09
-8.445287e-10
-9.874169e-10
-1.022009e-09
-1.141533e-09
1.276029e-09
1.205659e-09
-7.328261e-10
1.065209e-09
-1.035610e-09
-1.259206e-09
-9.633093e-10
-7.845070e-10
-9.690976e-10
6.222861e-10
8.927506e-10
-7.898423e-10
1.000930e-09
-7.503528e-10
6.631258e-10
9.518325e-10
-1.174413e-09
-7.464173e-10
1.122526e-09
-9.558520e-10
1.266396e-09
-1.054400e-09
-7.667790e-10
9.507782e-10
1.233571e-09
-1.195039e-09
8.258744e-10
9.681734e-10
1.163661e-09
-1.111933e-09
-1.058894e-09
6.563361e-10
-9.959444e-10
7.434880e-10
-5.814848e-10
-1.270743e-09
1.067118e-09
1.346362e-09
-1.060505e-09
-1.055567e-09
1.099812e-09
-8.028586e-10
4.451730e-10
1.166214e-09
-1.058637e-09
1.172520e-09
9.898549e-10
1.146815e-09
-8.516308e-10
6.923538e-10
1.101966e-09
9.017180e-10
-7.338407e-10
-1.068589e-09
-1.002772e-09
-7.999069e-10
-1.029450e-09
-7.496805e-10
-1.024302e-09
1.138757e-09
-6.872331e-10
-1.519549e-09
-7.713988e-10
6.521810e-10
1.087826e-09
-8.987694e-10
1.015655e-09
-1.113442e-09
-1.197217e-09
-9.490367e-10
-9.342769e-10
-8.747258e-10
-1.294036e-09
-9.614322e-10
1.111257e-09
-1.201275e-09
-9.043583e-10
7.141459e-10
8.955994e-10
-1.027722e-09
1.185708e-09
-6.745211e-10
1.077647e-09
-8.322920e-10
-1.320367e-09
-1.027268e-09
-9.626845e-10
-1.062252e-09
-8.382951e-10
-1.231307e-09
-9.747567e-10
-8.025903e-10
-9.154981e-10
1.033074e-09
-8.336019e-10
-1.039407e-09
1.071896e-09
-1.027382e-09
9.230519e-10
-1.220428e-09
-1.136171e-09
-1.530212e-09
8.765723e-10
-5.094550e-10
9.422914e-10
7.332517e-10
-7.232907e-10
9.022214e-10
-1.049139e-09
-8.619707e-10
-1.047021e-09
1.113539e-09
-1.470949e-09
-1.053155e-09
-1.050526e-09
1.008020e-09
1.064027e-09
-8.461844e-10
-6.181029e-10
8.490091e-10
-1.120635e-09
1.186265e-09
1.195343e-09
1.241870e-09
-1.073474e-09
-1.209927e-09
-1.040039e-09
-1.225004e-09
1.290143e-09
-7.038838e-10
-9.742502e-10
-1.212978e-09
-1.198837e-09
8.001091e-10
-1.085965e-09
-8.599170e-10
-7.088006e-10
-9.248384e-10
-1.433975e-09
7.959619e-10
-7.421232e-10
-5.551998e-10
1.095302e-09
-1.041031e-09
-8.934745e-10
-8.178206e-10
1.079921e-09
-1.316831e-09
-8.910300e-10
-9.490439e-10
-1.125156e-09
-1.239517e-09
-5.754432e-10
-1.064957e-09
-7.572891e-10
-1.303476e-09
-7.322741e-10
9.865749e-10
-7.058219e-10
1.017950e-09
8.875304e-10
-1.266494e-09
9.011742e-10
8.794971e-10
-7.739823e-10
-1.330085e-09
-1.013210e-09
1.027662e-09
-9.834750e-10
7.237760e-10
-1.122843e-09
-1.149083e-09
-1.280308e-09
-8.607080e-10
-1.240798e-09
-1.018031e-09
-1.090413e-09
-1.001921e-09
7.058063e-10
-1.213150e-09
-9.497483e-10
-7.708276e-10
-1.099681e-09
1.387450e-09
1.023549e-09
-1.045869e-09
-1.073296e-09
1.053960e-09
-1.028089e-09
-1.151277e-09
1.023788e-09
-1.069839e-09
-5.340662e-10
-1.417066e-09
-7.361713e-10
-9.107008e-10
7.084533e-10
6.338162e-10
5.697388e-10
-9.512330e-10
1.114360e-09
-1.276639e-09
-1.167655e-09
1.093443e-09
-5.861024e-10
-7.532193e-10
9.170445e-10
-6.934170e-10
-9.000896e-10
-9.502189e-10
-9.427345e-10
-1.009985e-09
7.811739e-10
-1.123217e-09
1.189266e-09
-1.111132e-09
6.962586e-10
-9.327446e-10
-9.067454e-10
-8.643850e-10
-9.885839e-10
8.043723e-10
8.599008e-10
6.485896e-10
-1.086572e-09
-1.306741e-09
-1.067309e-09
-9.718613e-10
-1.025692e-09
-9.585949e-10
-9.579024e-10
8.582465e-10
-7.264900e-10
1.108630e-09
1.170251e-09
-1.007582e-09
-7.135637e-10
9.419166e-10
9.218610e-10
7.127465e-10
-8.798966e-10
-8.480136e-10
-1.190774e-09
9.481702e-10
-1.013804e-09
1.473189e-09
9.360160e-10
-1.044027e-09
-1.057913e-09
-1.075590e-09
1.143847e-09
8.163442e-10
-1.247520e-09
-8.650320e-10
1.031903e-09
7.576136e-10
-7.871834e-10
-1.220986e-09
-1.201512e-09
1.066649e-09
5.486052e-10
1.005208e-09
8.808781e-10
-1.062522e-09
1.169726e-09
1.333899e-09
-1.182929e-09
1.036777e-09
-8.933354e-10
1.012635e-09
-1.011234e-09
9.701200e-10
-1.057433e-09
-7.544448e-10
-1.336061e-09
8.418976e-10
-7.879064e-10
8.218104e-10
-1.224708e-09
1.086611e-09
1.153541e-09
-6.997168e-10
-1.030793e-09
1.059948e-09
1.198138e-09
9.671403e-10
-9.963080e-10
1.251818e-09
1.235957e-09
1.109345e-09
-7.925552e-10
9.210491e-10
8.036776e-10
-1.413923e-09
1.231112e-09
1.409789e-09
-6.954645e-10
8.027549e-10
-9.159565e-10
-9.240520e-10
-9.141647e-10
-1.143798e-09
-1.026357e-09
1.245478e-09
8.216600e-10
-1.205112e-09
-1.050002e-09
-9.046423e-10
6.119720e-10
-9.637117e-10
9.807158e-10
1.036894e-09
5.466780e-10
-1.056757e-09
1.208858e-09
9.434881e-10
-1.119675e-09
7.709818e-10
-1.140383e-09
-1.315461e-09
-1.251634e-09
6.199568e-10
-1.090312e-09
9.192125e-10
1.203815e-09
1.098656e-09
-8.639818e-10
-6.978039e-10
-1.313826e-09
1.074296e-09
-9.563217e-10
-1.127454e-09
6.772108e-10
-7.598720e-10
-9.236923e-10
-1.164568e-09
8.959291e-10
1.232686e-09
1.209902e-09
1.054056e-09
-9.425947e-10
8.060075e-10
1.076448e-09
-1.015325e-09
7.449536e-10
-9.191997e-10
1.185758e-09
-7.271314e-10
1.278775e-09
1.044893e-09
-1.241073e-09
-1.145314e-09
-8.022729e-10
7.805437e-10
-7.105554e-10
-9.012936e-10
-8.187558e-10
-1.087958e-09
-9.354798e-10
-1.013272e-09
1.010046e-09
-8.744087e-10
-9.526911e-10
-1.208830e-09
1.237865e-09
9.158107e-10
7.689167e-10
-1.211949e-09
-1.077319e-09
-8.657892e-10
-8.088520e-10
-1.229281e-09
-7.551736e-10
-7.915248e-10
-1.392212e-09
7.010455e-10
-1.013333e-09
1.038091e-09
-1.114638e-09
-7.967728e-10
-1.240134e-09
1.075854e-09
-1.347768e-09
9.498509e-10
1.201552e-09
-1.327381e-09
-1.126650e-09
-7.318778e-10
8.313488e-10
1.272590e-09
-1.247851e-09
-1.064308e-09
-1.659226e-09
-1.154320e-09
-8.092523e-10
9.092798e-10
-8.689264e-10
-1.189808e-09
-9.156515e-10
-1.305625e-09
9.690991e-10
-1.541394e-09
-7.509530e-10
1.147350e-09
-8.112135e-10
-7.424810e-10
1.070690e-09
-9.111712e-10
-6.536607e-10
-1.043051e-09
-7.466967e-10
-6.081575e-10
5.721613e-10
1.078819e-09
-1.174696e-09
-9.891211e-10
1.195897e-09
-8.239308e-10
-1.155676e-09
-1.272527e-09
-1.018830e-09
-1.022893e-09
-1.062432e-09
7.643193e-10
1.262398e-09
1.269362e-09
-1.111311e-09
1.091722e-09
-7.877551e-10
-1.125441e-09
-1.342901e-09
8.187224e-10
8.964579e-10
9.557391e-10
-7.151569e-10
-8.752711e-10
-1.160204e-09
-1.165985e-09
-1.421847e-09
1.172520e-09
-7.119273e-10
-7.334858e-10
-1.116999e-09
-1.076365e-09
-9.503061e-10
7.709634e-10
-1.084104e-09
8.768464e-10
-6.679884e-10
-9.540589e-10
-1.291213e-09
-1.094240e-09
7.944066e-10
-1.450806e-09
-9.946101e-10
9.034409e-10
-1.409761e-09
-1.174729e-09
-8.868792e-10
-8.835408e-10
9.625632e-10
-7.944869e-10
-1.095961e-09
-8.539771e-10
-7.705590e-10
9.246631e-10
1.068439e-09
-9.861921e-10
8.774686e-10
-1.122393e-09
-8.210684e-10
5.809588e-10
-1.082529e-09
-7.237825e-10
1.017686e-09
-8.528745e-10
-1.090731e-09
-1.068089e-09
1.114600e-09
-1.113784e-09
-9.440152e-10
-1.180614e-09
-1.085569e-09
7.802401e-10
-1.007862e-09
-1.216955e-09
1.072256e-09
1.269696e-09
-1.481086e-09
-9.062521e-10
-1.248937e-09
-1.200348e-09
-9.798398e-10
-1.115400e-09
1.116747e-09
1.003171e-09
-1.275837e-09
-9.766018e-10
-8.889395e-10
-1.252170e-09
-1.227527e-09
-6.737730e-10
-8.035426e-10
-1.165414e-09
-1.000093e-09
-7.712807e-10
-1.084361e-09
7.600205e-10
-6.766029e-10
9.034773e-10
-9.178158e-10
-1.156529e-09
9.845751e-10
1.231755e-09
9.431095e-10
-1.313340e-09
9.286338e-10
-1.093045e-09
-1.029747e-09
-8.808598e-10
-1.048780e-09
1.251307e-09
8.351764e-10
1.346249e-09
-1.078842e-09
-8.843080e-10
-1.086028e-09
1.220257e-09
-1.107455e-09
1.141987e-09
-1.197015e-09
8.860225e-10
9.689365e-10
1.061036e-09
1.005537e-09
1.258516e-09
-9.574725e-10
-7.240979e-10
-7.891641e-10
9.408604e-10
1.175509e-09
-1.032988e-09
-1.012236e-09
1.041258e-09
-1.011244e-09
1.064358e-09
6.804345e-10
-1.030182e-09
8.568197e-10
-1.015701e-09
-1.048015e-09
9.995124e-10
1.262074e-09
9.870188e-10
1.154867e-09
-1.062000e-09
-8.655517e-10
-9.762885e-10
-1.274737e-09
-9.726121e-10
9.656588e-10
9.076124e-10
-1.149901e-09
1.266006e-09
-8.763808e-10
-9.680994e-10
7.718247e-10
-9.960291e-10
-1.038707e-09
-1.032957e-09
-7.370704e-10
-1.080195e-09
6.921276e-10
1.267186e-09
1.361912e-09
-1.497158e-09
-8.185525e-10
1.157866e-09
-6.023954e-10
9.219221e-10
-6.691556e-10
1.267717e-09
1.049217e-09
-1.173451e-09
1.310727e-09
-1.094158e-09
-1.183379e-09
-9.585452e-10
9.449729e-10
1.327388e-09
1.023897e-09
9.235629e-10
-1.136383e-09
9.220823e-10
-7.753250e-10
1.157226e-09
1.314221e-09
9.228325e-10
-6.247742e-10
-1.011163e-09
9.332231e-10
9.812743e-10
1.228403e-09
1.088320e-09
-9.494897e-10
-7.606215e-10
1.095311e-09
-6.554153e-10
1.041364e-09
1.186730e-09
-1.005105e-09
1.084369e-09
-1.104792e-09
-9.200858e-10
-1.013423e-09
-8.495065e-10
9.783686e-10
1.210179e-09
7.187984e-10
-8.438727e-10
-1.118875e-09
-9.810244e-10
9.679022e-10
-9.718484e-10
-8.108391e-10
8.201584e-10
-8.051734e-10
-9.343136e-10
-7.411090e-10
-8.966664e-10
-1.237867e-09
-8.971994e-10
5.308371e-10
-9.263273e-10
-6.641058e-10
-8.187512e-10
-1.003130e-09
1.328159e-09
1.286333e-09
8.327737e-10
6.864987e-10
-7.108237e-10
-1.306408e-09
-1.291610e-09
1.411146e-09
1.061794e-09
-1.195261e-09
-1.189460e-09
-8.296995e-10
9.655580e-10
-1.482379e-09
-9.811220e-10
-1.027411e-09
-1.121269e-09
1.305514e-09
-1.155752e-09
-9.814212e-10
1.132202e-09
-1.463071e-09
1.159256e-09
1.058390e-09
1.318017e-09
-6.088120e-10
-8.265249e-10
9.230494e-10
-8.522507e-10
-1.060172e-09
-1.150690e-09
-1.307844e-09
-9.944053e-10
-7.336888e-10
-6.483167e-10
7.706283e-10
9.836367e-10
-1.096522e-09
8.482548e-10
-9.118564e-10
-8.636011e-10
-6.877668e-10
-1.401528e-09
1.039305e-09
8.611228e-10
-7.678662e-10
-5.929660e-10
-1.126765e-09
-1.292045e-09
1.083795e-09
-9.664152e-10
-7.446867e-10
-1.477933e-09
-1.129512e-09
-8.090851e-10
-8.849768e-10
6.072210e-10
-7.132844e-10
9.172283e-10
-4.795935e-10
-1.088210e-09
-1.060281e-09
5.935050e-10
-1.213096e-09
-1.139793e-09
-1.207139e-09
9.811973e-10
7.691355e-10
9.104611e-10
1.235129e-09
9.835468e-10
-9.685437e-10
8.192881e-10
-8.124466e-10
-1.003947e-09
-7.719070e-10
-7.860543e-10
-9.053133e-10
1.241824e-09
-8.541332e-10
-1.101381e-09
-8.791347e-10
-9.891793e-10
-8.338846e-10
8.590902e-10
-1.111391e-09
1.098713e-09
-1.681933e-09
-1.078440e-09
-1.078797e-09
-1.116462e-09
-1.112042e-09
9.416000e-10
9.534064e-10
-1.217338e-09
9.778643e-10
-6.215812e-10
6.250265e-10
-9.454067e-10
-8.028929e-10
8.105938e-10
-1.130059e-09
-8.848735e-10
1.080282e-09
-1.062004e-09
-1.044929e-09
-1.312487e-09
1.155853e-09
1.199877e-09
1.170359e-09
9.084457e-10
8.387431e-10
9.912953e-10
1.332475e-09
1.241707e-09
-1.029625e-09
7.442297e-10
-1.108329e-09
1.018972e-09
1.124025e-09
-1.312245e-09
1.229441e-09
-8.031329e-10
1.281586e-09
-1.077687e-09
-1.272880e-09
-1.024442e-09
1.032865e-09
-8.399104e-10
-1.368586e-09
1.369443e-09
-9.045109e-10
-5.340293e-10
1.445766e-09
-1.302736e-09
8.824835e-10
-1.131895e-09
-9.103727e-10
9.622879e-10
-1.072998e-09
1.041341e-09
-9.869873e-10
-9.261324e-10
-5.809501e-10
7.763007e-10
-1.191650e-09
-1.299507e-09
-1.612430e-09
4.085384e-10
-1.047915e-09
-1.146329e-09
9.795710e-10
-1.059821e-09
9.273027e-10
-9.179098e-10
-1.113095e-09
-1.207426e-09
-1.099277e-09
7.570062e-10
-8.873175e-10
-9.026628e-10
-6.488417e-10
-1.193965e-09
1.255215e-09
-8.817383e-10
-1.113824e-09
-9.893252e-10
1.065387e-09
8.607908e-10
-1.228520e-09
-8.813248e-10
1.237755e-09
1.163790e-09
8.015072e-10
9.479788e-10
8.650556e-10
1.221950e-09
-1.013365e-09
1.106783e-09
-9.999135e-10
-1.045712e-09
-1.006758e-09
-1.036654e-09
1.568187e-09
1.010275e-09
1.015998e-09
1.139938e-09
-9.955812e-10
-1.031431e-09
-8.381183e-10
-8.549428e-10
8.982344e-10
-1.037870e-09
1.023008e-09
1.001390e-09
-1.347583e-09
-9.632456e-10
8.289934e-10
-1.126518e-09
-1.208367e-09
1.003611e-09
-1.072698e-09
9.239423e-10
-1.119471e-09
-1.441949e-09
-9.207576e-10
-6.802292e-10
-1.240465e-09
-9.196646e-10
1.268096e-09
-1.218826e-09
-8.645648e-10
9.515210e-10
1.116267e-09
-1.062913e-09
-1.052125e-09
9.212140e-10
-7.668089e-10
1.182399e-09
-7.101846e-10
1.028945e-09
-1.236017e-09
-7.085115e-10
-1.104269e-09
1.528144e-09
1.072411e-09
9.299578e-10
9.571588e-10
-1.051095e-09
1.034980e-09
-1.409904e-09
-1.114849e-09
-1.056269e-09
-9.736202e-10
-1.213951e-09
1.238482e-09
-1.009499e-09
-1.066252e-09
-1.224855e-09
-1.048031e-09
-1.116764e-09
-7.175035e-10
-1.253765e-09
8.836671e-10
-1.070230e-09
-1.003790e-09
6.765734e-10
8.804324e-10
1.164249e-09
1.092234e-09
1.061064e-09
-9.079018e-10
9.103930e-10
1.072078e-09
-1.145490e-09
9.734473e-10
-8.642261e-10
1.217170e-09
1.147091e-09
-1.064214e-09
9.641690e-10
-5.813873e-10
-1.099997e-09
-1.118855e-09
1.538623e-09
9.640472e-10
-1.192539e-09
-1.097144e-09
8.820125e-10
-9.647028e-10
1.008296e-09
-1.437508e-09
8.708756e-10
8.883887e-10
-1.077488e-09
-9.352199e-10
8.928618e-10
7.995571e-10
-8.136317e-10
-9.826563e-10
8.011165e-10
8.780319e-10
-9.488142e-10
-6.956648e-10
-1.132727e-09
-1.219645e-09
-1.040057e-09
8.953547e-10
-6.014700e-10
-7.156372e-10
-9.721858e-10
1.138010e-09
-1.155543e-09
-1.354487e-09
1.300712e-09
-8.199164e-10
-8.022954e-10
-1.289008e-09
8.927929e-10
1.074705e-09
-8.563361e-10
9.398979e-10
-7.983264e-10
-9.664695e-10
-1.126999e-09
8.120832e-10
1.089452e-09
-8.927921e-10
-1.220078e-09
7.402641e-10
-9.987313e-10
-1.084053e-09
-1.260489e-09
-1.162001e-09
-1.194076e-09
8.065410e-10
-8.117489e-10
8.661521e-10
7.694616e-10
9.409489e-10
-7.918518e-10
-1.336356e-09
-1.039052e-09
-1.057609e-09
-7.419612e-10
-9.917423e-10
-1.215877e-09
1.126335e-09
-9.358475e-10
-1.449133e-09
1.072309e-09
-7.647390e-10
9.589185e-10
-5.704672e-10
1.246130e-09
-9.983249e-10
9.033749e-10
9.686518e-10
8.459144e-10
-1.021736e-09
-8.934415e-10
-1.169911e-09
1.108961e-09
8.967679e-10
1.223857e-09
-1.127385e-09
-1.118045e-09
-1.487677e-09
7.911657e-10
-1.143333e-09
7.389970e-10
7.175444e-10
-1.157286e-09
-9.035858e-10
-1.092228e-09
-7.186326e-10
-9.424088e-10
9.266269e-10
1.129366e-09
-7.663659e-10
-1.112152e-09
1.239693e-09
-9.592530e-10
-8.188048e-10
-1.334630e-09
-6.249677e-10
-9.658054e-10
-8.457100e-10
8.524088e-10
-1.305710e-09
1.229261e-09
-1.259915e-09
1.011638e-09
9.707571e-10
-1.250770e-09
-9.723873e-10
1.293093e-09
-8.401612e-10
-6.387097e-10
1.288947e-09
-8.266024e-10
-1.117632e-09
-7.659989e-10
1.019975e-09
-5.404541e-10
9.610804e-10
-8.995439e-10
-1.464984e-09
1.171209e-09
-1.338274e-09
1.352157e-09
-5.648900e-10
-1.093674e-09
-1.181823e-09
-6.012627e-10
-1.056371e-09
1.052014e-09
-7.006568e-10
-6.836764e-10
1.099635e-09
-5.309235e-10
1.175736e-09
1.164261e-09
-9.958113e-10
8.535300e-10
-8.533864e-10
-8.271152e-10
-1.242104e-09
-1.171714e-09
-1.372768e-09
-9.302508e-10
-1.083762e-09
-1.207990e-09
-8.713311e-10
7.900861e-10
1.086285e-09
-1.087234e-09
8.776621e-10
-1.078454e-09
1.655123e-09
-1.084739e-09
-1.137029e-09
-9.056301e-10
-9.461342e-10
1.125510e-09
9.231882e-10
-1.165686e-09
-1.200348e-09
1.126930e-09
1.166208e-09
-8.956304e-10
1.085312e-09
-8.335763e-10
1.057243e-09
8.837334e-10
-1.068585e-09
-1.053595e-09
-1.307214e-09
-8.333341e-10
-1.067644e-09
5.583291e-10
-6.832041e-10
-8.784633e-10
9.241608e-10
-7.912442e-10
-1.103586e-09
-8.971955e-10
-1.374748e-09
-9.388721e-10
9.503541e-10
-1.114710e-09
-1.104738e-09
-9.725911e-10
-9.654962e-10
9.088140e-10
9.942035e-10
8.991286e-10
-1.212590e-09
1.178533e-09
-1.291823e-09
1.021617e-09
-9.278756e-10
-1.079286e-09
-1.030098e-09
8.474334e-10
-7.894132e-10
9.663144e-10
1.181508e-09
1.113220e-09
-1.193032e-09
9.654108e-10
-8.135601e-10
-1.130354e-09
1.153974e-09
-7.012510e-10
-1.076505e-09
1.202965e-09
-8.125120e-10
-1.168853e-09
-9.936329e-10
-9.373950e-10
-1.079359e-09
-9.586493e-10
1.143975e-09
-9.184004e-10
-9.830230e-10
-8.518057e-10
-8.532019e-10
-1.225705e-09
-9.462109e-10
9.941828e-10
-7.369360e-10
-1.103424e-09
-8.692396e-10
1.193609e-09
-5.452826e-10
-1.077577e-09
7.984615e-10
-1.056118e-09
-6.795769e-10
1.135339e-09
9.194175e-10
-1.046606e-09
-1.152805e-09
1.196796e-09
-1.184681e-09
-9.377479e-10
-1.006106e-09
-7.824605e-10
8.553948e-10
-1.036412e-09
1.242562e-09
-8.709954e-10
1.116377e-09
-6.478191e-10
9.361361e-10
-7.253524e-10
1.170297e-09
1.100441e-09
1.520027e-09
-1.089816e-09
-9.092118e-10
-1.236706e-09
-1.149710e-09
1.192186e-09
-9.315891e-10
6.340862e-10
-1.291272e-09
-9.174425e-10
1.093336e-09
-9.000458e-10
1.076841e-09
1.010841e-09
-8.239489e-10
8.139498e-10
-9.082380e-10
9.393226e-10
1.275952e-09
-8.243948e-10
9.681911e-10
-1.025745e-09
-1.377792e-09
-1.180549e-09
-1.070029e-09
-1.337354e-09
1.042043e-09
1.098036e-09
1.120409e-09
-6.867160e-10
1.017817e-09
1.404277e-09
-8.353471e-10
-9.969005e-10
1.090981e-09
-1.082802e-09
-9.454774e-10
-8.467082e-10
1.092699e-09
1.262505e-09
-8.035368e-10
-1.148953e-09
9.957285e-10
1.016822e-09
6.387811e-10
9.880503e-10
9.783294e-10
8.191977e-10
-9.789650e-10
-1.110795e-09
-9.720329e-10
-1.246542e-09
-8.931834e-10
-1.189929e-09
8.717708e-10
1.398999e-09
-1.060515e-09
-8.782134e-10
8.883281e-10
-1.355044e-09
1.173351e-09
-1.156464e-09
8.575332e-10
9.176878e-10
-1.107685e-09
5.043092e-10
-9.389246e-10
1.327428e-09
-7.534545e-10
-1.209626e-09
-1.101259e-09
-1.061456e-09
1.177649e-09
-1.296092e-09
-8.855341e-10
-1.076307e-09
-1.164542e-09
-6.456337e-10
1.360093e-09
-1.079329e-09
-7.419056e-10
1.268289e-09
-9.913251e-10
1.217063e-09
1.005458e-09
1.087218e-09
-9.279892e-10
1.152038e-09
-1.191677e-09
-9.949908e-10
-1.183886e-09
-1.044671e-09
8.652930e-10
-1.090589e-09
-8.890311e-10
1.129219e-09
-9.753028e-10
-1.054485e-09
-1.278510e-09
1.173080e-09
-1.164451e-09
-9.262568e-10
-6.551625e-10
-1.118305e-09
-8.934539e-10
6.921302e-10
9.537444e-10
-9.059489e-10
1.309611e-09
-1.059752e-09
-1.005681e-09
9.346774e-10
9.272041e-10
9.557746e-10
1.227594e-09
-7.042039e-10
-1.126486e-09
-8.531248e-10
9.568982e-10
-1.200426e-09
7.304810e-10
-1.402006e-09
-6.285740e-10
1.159184e-09
9.595642e-10
6.354597e-10
-1.002345e-09
9.639369e-10
-1.185798e-09
9.473327e-10
7.297538e-10
9.408026e-10
-1.097142e-09
8.145714e-10
-9.212743e-10
8.020513e-10
7.670418e-10
-9.101762e-10
9.780675e-10
1.015842e-09
-9.972191e-10
-1.210950e-09
-1.295794e-09
-9.889601e-10
-1.099978e-09
-1.035659e-09
9.875078e-10
-1.119391e-09
-5.119400e-10
-1.032795e-09
9.794452e-10
9.816961e-10
-1.477442e-09
-1.233855e-09
-8.482485e-10
1.097526e-09
1.114185e-09
1.061877e-09
1.119632e-09
